Dates,RLG Index_Last,RLG Index_Open,RLG Index_High,RLG Index_Low,RLG Index_Volume
1991-12-31,208.774,,,,
1992-01-01,208.774,,,,
1992-01-02,208.245,,,,
1992-01-03,209.046,,,,
1992-01-06,208.698,,,,
1992-01-07,208.774,,,,
1992-01-08,209.742,,,,
1992-01-09,210.332,,,,
1992-01-10,208.986,,,,
1992-01-13,208.593,,,,
1992-01-14,211.118,,,,
1992-01-15,210.105,,,,
1992-01-16,207.095,,,,
1992-01-17,207.367,,,,
1992-01-20,205.749,,,,
1992-01-21,203.178,,,,
1992-01-22,206.732,,,,
1992-01-23,205.87,,,,
1992-01-24,206.279,,,,
1992-01-27,205.432,,,,
1992-01-28,205.356,,,,
1992-01-29,203.102,,,,
1992-01-30,204.569,,,,
1992-01-31,203.556,,,,
1992-02-03,204.04,,,,
1992-02-04,206.142,,,,
1992-02-05,206.853,,,,
1992-02-06,206.218,,,,
1992-02-07,204.645,,,,
1992-02-10,205.053,,,,
1992-02-11,204.796,,,,
1992-02-12,206.626,,,,
1992-02-13,204.373,,,,
1992-02-14,203.087,,,,
1992-02-17,203.087,,,,
1992-02-18,199.518,,,,
1992-02-19,199.73,,,,
1992-02-20,202.603,,,,
1992-02-21,201.635,,,,
1992-02-24,201.953,,,,
1992-02-25,201.499,,,,
1992-02-26,204.721,,,,
1992-02-27,204.07,,,,
1992-02-28,203.36,,,,
1992-03-02,203.238,,,,
1992-03-03,202.739,,,,
1992-03-04,200.819,,,,
1992-03-05,199.367,,,,
1992-03-06,198.353,,,,
1992-03-09,198.747,,,,
1992-03-10,200.002,,,,
1992-03-11,198.459,,,,
1992-03-12,198.248,,,,
1992-03-13,199.019,,,,
1992-03-16,199.306,,,,
1992-03-17,201.182,,,,
1992-03-18,200.425,,,,
1992-03-19,200.425,,,,
1992-03-20,200.683,,,,
1992-03-23,200.153,,,,
1992-03-24,199.896,,,,
1992-03-25,199.851,,,,
1992-03-26,199.578,,,,
1992-03-27,197.431,,,,
1992-03-30,197.023,,,,
1992-03-31,197.386,,,,
1992-04-01,198.202,,,,
1992-04-02,196.009,,,,
1992-04-03,196.796,,,,
1992-04-06,198.611,,,,
1992-04-07,194.451,,,,
1992-04-08,192.863,,,,
1992-04-09,196.266,,,,
1992-04-10,198.096,,,,
1992-04-13,199.079,,,,
1992-04-14,202.074,,,,
1992-04-15,203.148,,,,
1992-04-16,201.424,,,,
1992-04-17,201.424,,,,
1992-04-20,197.491,,,,
1992-04-21,197.068,,,,
1992-04-22,196.539,,,,
1992-04-23,196.523,,,,
1992-04-24,195.525,,,,
1992-04-27,195.54,,,,
1992-04-28,195.54,,,,
1992-04-29,196.962,,,,
1992-04-30,198.641,,,,
1992-05-01,197.491,,,,
1992-05-04,199.896,,,,
1992-05-05,200.108,,,,
1992-05-06,200.002,,,,
1992-05-07,199.548,,,,
1992-05-08,199.427,,,,
1992-05-11,200.698,,,,
1992-05-12,199.397,,,,
1992-05-13,199.125,,,,
1992-05-14,197.355,,,,
1992-05-15,196.145,,,,
1992-05-18,197.386,,,,
1992-05-19,199.306,,,,
1992-05-20,199.125,,,,
1992-05-21,197.643,,,,
1992-05-22,198.217,,,,
1992-05-25,198.217,,,,
1992-05-26,196.176,,,,
1992-05-27,196.796,,,,
1992-05-28,199.654,,,,
1992-05-29,199.563,,,,
1992-06-01,200.652,,,,
1992-06-02,198.051,,,,
1992-06-03,198.278,,,,
1992-06-04,197.204,,,,
1992-06-05,197.007,,,,
1992-06-08,196.191,,,,
1992-06-09,194.361,,,,
1992-06-10,192.44,,,,
1992-06-11,193.408,,,,
1992-06-12,194.088,,,,
1992-06-15,193.967,,,,
1992-06-16,192.682,,,,
1992-06-17,189.839,,,,
1992-06-18,189.476,,,,
1992-06-19,191.169,,,,
1992-06-22,191.472,,,,
1992-06-23,192.122,,,,
1992-06-24,191.245,,,,
1992-06-25,190.988,,,,
1992-06-26,191.275,,,,
1992-06-29,194.134,,,,
1992-06-30,194.088,,,,
1992-07-01,196.932,,,,
1992-07-02,196.569,,,,
1992-07-03,196.569,,,,
1992-07-06,197.869,,,,
1992-07-07,195.359,,,,
1992-07-08,195.873,,,,
1992-07-09,197.733,,,,
1992-07-10,197.748,,,,
1992-07-13,197.93,,,,
1992-07-14,198.928,,,,
1992-07-15,198.868,,,,
1992-07-16,199.155,,,,
1992-07-17,198.459,,,,
1992-07-20,197.219,,,,
1992-07-21,197.748,,,,
1992-07-22,196.372,,,,
1992-07-23,196.811,,,,
1992-07-24,196.629,,,,
1992-07-27,196.977,,,,
1992-07-28,199.594,,,,
1992-07-29,201.756,,,,
1992-07-30,202.24,,,,
1992-07-31,202.618,,,,
1992-08-03,203.511,,,,
1992-08-04,203.36,,,,
1992-08-05,202.225,,,,
1992-08-06,201.862,,,,
1992-08-07,201.318,,,,
1992-08-10,201.56,,,,
1992-08-11,201.167,,,,
1992-08-12,200.546,,,,
1992-08-13,200.804,,,,
1992-08-14,201.877,,,,
1992-08-17,202.376,,,,
1992-08-18,202.891,,,,
1992-08-19,201.696,,,,
1992-08-20,201.832,,,,
1992-08-21,199.805,,,,
1992-08-24,197.839,,,,
1992-08-25,198.096,,,,
1992-08-26,199.291,,,,
1992-08-27,199.639,,,,
1992-08-28,199.881,,,,
1992-08-31,199.609,,,,
1992-09-01,200.698,,,,
1992-09-02,201.696,,,,
1992-09-03,202.165,,,,
1992-09-04,201.862,,,,
1992-09-07,201.862,,,,
1992-09-08,200.834,,,,
1992-09-09,201.741,,,,
1992-09-10,203.601,,,,
1992-09-11,203.934,,,,
1992-09-14,207.035,,,,
1992-09-15,204.585,,,,
1992-09-16,204.736,,,,
1992-09-17,204.932,,,,
1992-09-18,206.021,,,,
1992-09-21,205.658,,,,
1992-09-22,202.997,,,,
1992-09-23,203.178,,,,
1992-09-24,203.375,,,,
1992-09-25,200.274,,,,
1992-09-28,200.819,,,,
1992-09-29,201.061,,,,
1992-09-30,201.469,,,,
1992-10-01,200.577,,,,
1992-10-02,197.703,,,,
1992-10-05,196.312,,,,
1992-10-06,196.13,,,,
1992-10-07,194.966,,,,
1992-10-08,197.038,,,,
1992-10-09,194.663,,,,
1992-10-12,196.493,,,,
1992-10-13,197.794,,,,
1992-10-14,198.248,,,,
1992-10-15,198.777,,,,
1992-10-16,199.805,,,,
1992-10-19,201.968,,,,
1992-10-20,202.059,,,,
1992-10-21,202.316,,,,
1992-10-22,202.104,,,,
1992-10-23,201.303,,,,
1992-10-26,203.36,,,,
1992-10-27,203.405,,,,
1992-10-28,204.252,,,,
1992-10-29,205.053,,,,
1992-10-30,204.343,,,,
1992-11-02,206.218,,,,
1992-11-03,204.751,,,,
1992-11-04,203.481,,,,
1992-11-05,204.66,,,,
1992-11-06,204.736,,,,
1992-11-09,205.537,,,,
1992-11-10,206.233,,,,
1992-11-11,208.956,,,,
1992-11-12,209.197,,,,
1992-11-13,209.092,,,,
1992-11-16,208.335,,,,
1992-11-17,207.458,,,,
1992-11-18,209.349,,,,
1992-11-19,209.969,,,,
1992-11-20,211.406,,,,
1992-11-23,210.528,,,,
1992-11-24,211.844,,,,
1992-11-25,212.237,,,,
1992-11-26,212.237,,,,
1992-11-27,212.51,,,,
1992-11-30,212.676,,,,
1992-12-01,212.51,,,,
1992-12-02,211.89,,,,
1992-12-03,212.056,,,,
1992-12-04,213.16,,,,
1992-12-07,214.657,,,,
1992-12-08,215.323,,,,
1992-12-09,214.778,,,,
1992-12-10,213.901,,,,
1992-12-11,213.447,,,,
1992-12-14,212.963,,,,
1992-12-15,212.691,,,,
1992-12-16,211.814,,,,
1992-12-17,214.128,,,,
1992-12-18,217.123,,,,
1992-12-21,217.123,,,,
1992-12-22,216.502,,,,
1992-12-23,215.398,,,,
1992-12-24,215.882,,,,
1992-12-25,215.882,,,,
1992-12-28,215.913,,,,
1992-12-29,215.474,,,,
1992-12-30,215.64,,,,
1992-12-31,214.385,,,,
1993-01-01,214.385,,,,
1993-01-04,213.357,,,,
1993-01-05,212.494,,,,
1993-01-06,211.602,,,,
1993-01-07,209.818,,,,
1993-01-08,209.666,,,,
1993-01-11,210.377,,,,
1993-01-12,210.196,,,,
1993-01-13,210.876,,,,
1993-01-14,212.358,,,,
1993-01-15,212.948,,,,
1993-01-18,212.222,,,,
1993-01-19,210.377,,,,
1993-01-20,209.923,,,,
1993-01-21,211.118,,,,
1993-01-22,211.451,,,,
1993-01-25,212.918,,,,
1993-01-26,212.464,,,,
1993-01-27,211.285,,,,
1993-01-28,211.406,,,,
1993-01-29,211.738,,,,
1993-02-01,213.13,,,,
1993-02-02,212.706,,,,
1993-02-03,214.929,,,,
1993-02-04,215.096,,,,
1993-02-05,214.34,,,,
1993-02-08,213.357,,,,
1993-02-09,211.753,,,,
1993-02-10,212.555,,,,
1993-02-11,213.115,,,,
1993-02-12,211.572,,,,
1993-02-15,211.572,,,,
1993-02-16,205.553,,,,
1993-02-17,204.403,,,,
1993-02-18,203.874,,,,
1993-02-19,203.208,,,,
1993-02-22,201.908,,,,
1993-02-23,202.815,,,,
1993-02-24,206.717,,,,
1993-02-25,207.216,,,,
1993-02-26,207.897,,,,
1993-03-01,207.594,,,,
1993-03-02,210.483,,,,
1993-03-03,211.375,,,,
1993-03-04,210.075,,,,
1993-03-05,209.439,,,,
1993-03-08,213.205,,,,
1993-03-09,212.767,,,,
1993-03-10,214.355,,,,
1993-03-11,213.538,,,,
1993-03-12,211.995,,,,
1993-03-15,212.6,,,,
1993-03-16,211.935,,,,
1993-03-17,210.075,,,,
1993-03-18,211.451,,,,
1993-03-19,209.923,,,,
1993-03-22,208.94,,,,
1993-03-23,208.834,,,,
1993-03-24,208.26,,,,
1993-03-25,209.712,,,,
1993-03-26,208.335,,,,
1993-03-29,209.712,,,,
1993-03-30,211.466,,,,
1993-03-31,211.39,,,,
1993-04-01,210.317,,,,
1993-04-02,205.159,,,,
1993-04-05,204.902,,,,
1993-04-06,203.133,,,,
1993-04-07,203.314,,,,
1993-04-08,202.18,,,,
1993-04-09,202.18,,,,
1993-04-12,205.447,,,,
1993-04-13,205.673,,,,
1993-04-14,205.401,,,,
1993-04-15,205.129,,,,
1993-04-16,204.207,,,,
1993-04-19,204.191,,,,
1993-04-20,203.632,,,,
1993-04-21,203.768,,,,
1993-04-22,201.59,,,,
1993-04-23,200.471,,,,
1993-04-26,199.2,,,,
1993-04-27,202.013,,,,
1993-04-28,201.847,,,,
1993-04-29,202.059,,,,
1993-04-30,202.755,,,,
1993-05-03,204.524,,,,
1993-05-04,205.22,,,,
1993-05-05,206.384,,,,
1993-05-06,205.689,,,,
1993-05-07,205.522,,,,
1993-05-10,205.749,,,,
1993-05-11,206.233,,,,
1993-05-12,205.779,,,,
1993-05-13,203.118,,,,
1993-05-14,204.222,,,,
1993-05-17,205.174,,,,
1993-05-18,205.416,,,,
1993-05-19,209.061,,,,
1993-05-20,210.891,,,,
1993-05-21,208.819,,,,
1993-05-24,209.439,,,,
1993-05-25,209.802,,,,
1993-05-26,211.3,,,,
1993-05-27,210.075,,,,
1993-05-28,209.303,,,,
1993-05-31,209.303,,,,
1993-06-01,210.619,,,,
1993-06-02,210.362,,,,
1993-06-03,209.424,,,,
1993-06-04,207.897,,,,
1993-06-07,206.369,,,,
1993-06-08,204.948,,,,
1993-06-09,205.25,,,,
1993-06-10,205.432,,,,
1993-06-11,206.596,,,,
1993-06-14,207.065,,,,
1993-06-15,206.354,,,,
1993-06-16,206.929,,,,
1993-06-17,207.367,,,,
1993-06-18,204.554,,,,
1993-06-21,204.857,,,,
1993-06-22,204.358,,,,
1993-06-23,203.692,,,,
1993-06-24,205.326,,,,
1993-06-25,206.082,,,,
1993-06-28,207.579,,,,
1993-06-29,207.337,,,,
1993-06-30,206.944,,,,
1993-07-01,205.855,,,,
1993-07-02,204.932,,,,
1993-07-05,204.932,,,,
1993-07-06,202.452,,,,
1993-07-07,202.785,,,,
1993-07-08,205.008,,,,
1993-07-09,205.144,,,,
1993-07-12,205.658,,,,
1993-07-13,205.9,,,,
1993-07-14,207.156,,,,
1993-07-15,206.536,,,,
1993-07-16,204.207,,,,
1993-07-19,203.496,,,,
1993-07-20,204.569,,,,
1993-07-21,203.919,,,,
1993-07-22,202.346,,,,
1993-07-23,203.465,,,,
1993-07-26,204.297,,,,
1993-07-27,203.677,,,,
1993-07-28,203.45,,,,
1993-07-29,204.343,,,,
1993-07-30,203.087,,,,
1993-08-02,204.101,,,,
1993-08-03,204.01,,,,
1993-08-04,204.01,,,,
1993-08-05,204.086,,,,
1993-08-06,204.373,,,,
1993-08-09,205.069,,,,
1993-08-10,204.207,,,,
1993-08-11,204.449,,,,
1993-08-12,203.435,,,,
1993-08-13,203.813,,,,
1993-08-16,205.28,,,,
1993-08-17,206.853,,,,
1993-08-18,208.91,,,,
1993-08-19,208.91,,,,
1993-08-20,208.85,,,,
1993-08-23,208.093,,,,
1993-08-24,209.833,,,,
1993-08-25,209.273,,,,
1993-08-26,209.197,,,,
1993-08-27,209.621,,,,
1993-08-30,210.181,,,,
1993-08-31,210.982,,,,
1993-09-01,210.907,,,,
1993-09-02,210.74,,,,
1993-09-03,210.559,,,,
1993-09-06,210.559,,,,
1993-09-07,208.366,,,,
1993-09-08,206.899,,,,
1993-09-09,207.367,,,,
1993-09-10,208.804,,,,
1993-09-13,208.381,,,,
1993-09-14,207.685,,,,
1993-09-15,208.577,,,,
1993-09-16,207.912,,,,
1993-09-17,207.564,,,,
1993-09-20,205.9,,,,
1993-09-21,205.326,,,,
1993-09-22,207.186,,,,
1993-09-23,208.759,,,,
1993-09-24,208.683,,,,
1993-09-27,210.438,,,,
1993-09-28,210.12,,,,
1993-09-29,209.394,,,,
1993-09-30,208.986,,,,
1993-10-01,209.303,,,,
1993-10-04,209.455,,,,
1993-10-05,209.455,,,,
1993-10-06,209.076,,,,
1993-10-07,208.608,,,,
1993-10-08,209.228,,,,
1993-10-11,210.317,,,,
1993-10-12,210.74,,,,
1993-10-13,211.496,,,,
1993-10-14,214.536,,,,
1993-10-15,216.321,,,,
1993-10-18,215.897,,,,
1993-10-19,213.856,,,,
1993-10-20,213.478,,,,
1993-10-21,213.478,,,,
1993-10-22,212.358,,,,
1993-10-25,212.782,,,,
1993-10-26,212.313,,,,
1993-10-27,213.054,,,,
1993-10-28,214.113,,,,
1993-10-29,214.642,,,,
1993-11-01,215.217,,,,
1993-11-02,215.096,,,,
1993-11-03,213.13,,,,
1993-11-04,209.908,,,,
1993-11-05,211.073,,,,
1993-11-08,211.481,,,,
1993-11-09,212.313,,,,
1993-11-10,214.098,,,,
1993-11-11,214.309,,,,
1993-11-12,215.565,,,,
1993-11-15,214.733,,,,
1993-11-16,215.988,,,,
1993-11-17,214.264,,,,
1993-11-18,213.417,,,,
1993-11-19,213.266,,,,
1993-11-22,211.028,,,,
1993-11-23,212.222,,,,
1993-11-24,213.039,,,,
1993-11-25,213.039,,,,
1993-11-26,213.78,,,,
1993-11-29,212.873,,,,
1993-11-30,212.737,,,,
1993-12-01,213.387,,,,
1993-12-02,213.992,,,,
1993-12-03,215.096,,,,
1993-12-06,215.761,,,,
1993-12-07,215.655,,,,
1993-12-08,215.368,,,,
1993-12-09,213.931,,,,
1993-12-10,213.326,,,,
1993-12-13,213.765,,,,
1993-12-14,212.479,,,,
1993-12-15,212.026,,,,
1993-12-16,212.343,,,,
1993-12-17,213.432,,,,
1993-12-20,213.069,,,,
1993-12-21,213.039,,,,
1993-12-22,213.886,,,,
1993-12-23,214.476,,,,
1993-12-24,214.476,,,,
1993-12-27,215.837,,,,
1993-12-28,216.291,,,,
1993-12-29,216.669,,,,
1993-12-30,216.17,,,,
1993-12-31,216.018,,,,
1994-01-03,215.035,,,,
1994-01-04,215.217,,,,
1994-01-05,216.003,,,,
1994-01-06,216.003,,,,
1994-01-07,217.183,,,,
1994-01-10,219.421,,,,
1994-01-11,219.195,,,,
1994-01-12,219.24,,,,
1994-01-13,218.529,,,,
1994-01-14,219.739,,,,
1994-01-17,219.104,,,,
1994-01-18,219.179,,,,
1994-01-19,218.862,,,,
1994-01-20,219.089,,,,
1994-01-21,218.65,,,,
1994-01-24,217.41,,,,
1994-01-25,217.077,,,,
1994-01-26,217.985,,,,
1994-01-27,219.467,,,,
1994-01-28,220.435,,,,
1994-01-31,220.813,,,,
1994-02-01,220.404,,,,
1994-02-02,221.66,,,,
1994-02-03,220.979,,,,
1994-02-04,215.837,,,,
1994-02-07,216.76,,,,
1994-02-08,216.608,,,,
1994-02-09,217.349,,,,
1994-02-10,215.973,,,,
1994-02-11,216.654,,,,
1994-02-14,216.865,,,,
1994-02-15,218.196,,,,
1994-02-16,218.423,,,,
1994-02-17,217.259,,,,
1994-02-18,216.17,,,,
1994-02-21,216.17,,,,
1994-02-22,217.743,,,,
1994-02-23,217.47,,,,
1994-02-24,214.597,,,,
1994-02-25,215.519,,,,
1994-02-28,216.366,,,,
1994-03-01,215.217,,,,
1994-03-02,214.929,,,,
1994-03-03,213.841,,,,
1994-03-04,214.657,,,,
1994-03-07,216.412,,,,
1994-03-08,215.625,,,,
1994-03-09,216.124,,,,
1994-03-10,214.4,,,,
1994-03-11,215.262,,,,
1994-03-14,216.094,,,,
1994-03-15,216.034,,,,
1994-03-16,216.623,,,,
1994-03-17,217.501,,,,
1994-03-18,217.924,,,,
1994-03-21,216.926,,,,
1994-03-22,216.321,,,,
1994-03-23,215.958,,,,
1994-03-24,213.856,,,,
1994-03-25,212.434,,,,
1994-03-28,211.708,,,,
1994-03-29,207.927,,,,
1994-03-30,205.129,,,,
1994-03-31,205.477,,,,
1994-04-01,205.477,,,,
1994-04-04,202.346,,,,
1994-04-05,206.914,,,,
1994-04-06,206.354,,,,
1994-04-07,207.458,,,,
1994-04-08,205.416,,,,
1994-04-11,205.643,,,,
1994-04-12,204.161,,,,
1994-04-13,203.118,,,,
1994-04-14,202.467,,,,
1994-04-15,202.165,,,,
1994-04-18,200.365,,,,
1994-04-19,200.531,,,,
1994-04-20,200.183,,,,
1994-04-21,204.358,,,,
1994-04-22,204.191,,,,
1994-04-25,206.127,,,,
1994-04-26,206.339,,,,
1994-04-27,206.339,,,,
1994-04-28,205.492,,,,
1994-04-29,206.279,,,,
1994-05-02,208.29,,,,
1994-05-03,208.078,,,,
1994-05-04,207.836,,,,
1994-05-05,207.458,,,,
1994-05-06,205.386,,,,
1994-05-09,202.785,,,,
1994-05-10,204.237,,,,
1994-05-11,202.286,,,,
1994-05-12,203.42,,,,
1994-05-13,203.39,,,,
1994-05-16,203.148,,,,
1994-05-17,204.66,,,,
1994-05-18,207.322,,,,
1994-05-19,208.608,,,,
1994-05-20,207.851,,,,
1994-05-23,207.277,,,,
1994-05-24,208.426,,,,
1994-05-25,208.986,,,,
1994-05-26,209.152,,,,
1994-05-27,209.273,,,,
1994-05-30,209.273,,,,
1994-05-31,208.956,,,,
1994-06-01,209.334,,,,
1994-06-02,209.787,,,,
1994-06-03,211.224,,,,
1994-06-06,210.665,,,,
1994-06-07,210.483,,,,
1994-06-08,208.971,,,,
1994-06-09,208.94,,,,
1994-06-10,208.789,,,,
1994-06-13,208.88,,,,
1994-06-14,210.15,,,,
1994-06-15,209.56,,,,
1994-06-16,210.256,,,,
1994-06-17,208.804,,,,
1994-06-20,207.307,,,,
1994-06-21,205.447,,,,
1994-06-22,205.885,,,,
1994-06-23,203.949,,,,
1994-06-24,201.469,,,,
1994-06-27,203.723,,,,
1994-06-28,203.405,,,,
1994-06-29,204.131,,,,
1994-06-30,202.255,,,,
1994-07-01,203.511,,,,
1994-07-04,203.511,,,,
1994-07-05,203.647,,,,
1994-07-06,203.314,,,,
1994-07-07,204.373,,,,
1994-07-08,204.872,,,,
1994-07-11,204.343,,,,
1994-07-12,204.539,,,,
1994-07-13,205.356,,,,
1994-07-14,207.488,,,,
1994-07-15,207.428,,,,
1994-07-18,207.851,,,,
1994-07-19,207.095,,,,
1994-07-20,205.734,,,,
1994-07-21,206.203,,,,
1994-07-22,206.49,,,,
1994-07-25,207.156,,,,
1994-07-26,206.611,,,,
1994-07-27,206.203,,,,
1994-07-28,206.793,,,,
1994-07-29,209.031,,,,
1994-08-01,209.712,,,,
1994-08-02,210.165,,,,
1994-08-03,209.848,,,,
1994-08-04,208.653,,,,
1994-08-05,208.124,,,,
1994-08-08,208.714,,,,
1994-08-09,208.956,,,,
1994-08-10,210.649,,,,
1994-08-11,210.256,,,,
1994-08-12,211.708,,,,
1994-08-15,211.874,,,,
1994-08-16,213.78,,,,
1994-08-17,214.657,,,,
1994-08-18,214.203,,,,
1994-08-19,214.657,,,,
1994-08-22,214.385,,,,
1994-08-23,215.867,,,,
1994-08-24,217.244,,,,
1994-08-25,217.38,,,,
1994-08-26,220.163,,,,
1994-08-29,220.042,,,,
1994-08-30,220.571,,,,
1994-08-31,220.299,,,,
1994-09-01,219.225,,,,
1994-09-02,218.317,,,,
1994-09-05,218.317,,,,
1994-09-06,218.363,,,,
1994-09-07,218.499,,,,
1994-09-08,219.89,,,,
1994-09-09,217.864,,,,
1994-09-12,216.397,,,,
1994-09-13,217.501,,,,
1994-09-14,218.302,,,,
1994-09-15,221.66,,,,
1994-09-16,220.299,,,,
1994-09-19,220.45,,,,
1994-09-20,216.986,,,,
1994-09-21,215.928,,,,
1994-09-22,215.761,,,,
1994-09-23,214.884,,,,
1994-09-26,215.489,,,,
1994-09-27,215.777,,,,
1994-09-28,217.153,,,,
1994-09-29,216.351,,,,
1994-09-30,216.865,,,,
1994-10-03,216.638,,,,
1994-10-04,212.979,,,,
1994-10-05,212.51,,,,
1994-10-06,211.753,,,,
1994-10-07,212.888,,,,
1994-10-10,215.02,,,,
1994-10-11,218.711,,,,
1994-10-12,218.695,,,,
1994-10-13,219.346,,,,
1994-10-14,219.391,,,,
1994-10-17,219.361,,,,
1994-10-18,218.892,,,,
1994-10-19,220.45,,,,
1994-10-20,219.134,,,,
1994-10-21,218.121,,,,
1994-10-24,216.744,,,,
1994-10-25,216.638,,,,
1994-10-26,217.712,,,,
1994-10-27,218.877,,,,
1994-10-28,222.537,,,,
1994-10-31,221.796,,,,
1994-11-01,220.858,,,,
1994-11-02,220.102,,,,
1994-11-03,220.374,,,,
1994-11-04,218.151,,,,
1994-11-07,218.287,,,,
1994-11-08,220.087,,,,
1994-11-09,220.435,,,,
1994-11-10,220.374,,,,
1994-11-11,219.709,,,,
1994-11-14,221.735,,,,
1994-11-15,221.115,,,,
1994-11-16,221.357,,,,
1994-11-17,220.541,,,,
1994-11-18,220.132,,,,
1994-11-21,218.06,,,,
1994-11-22,213.508,,,,
1994-11-23,212.494,,,,
1994-11-24,212.494,,,,
1994-11-25,213.704,,,,
1994-11-28,215.096,,,,
1994-11-29,215.61,,,,
1994-11-30,214.385,,,,
1994-12-01,212.222,,,,
1994-12-02,213.946,,,,
1994-12-05,213.81,,,,
1994-12-06,213.402,,,,
1994-12-07,212.056,,,,
1994-12-08,208.895,,,,
1994-12-09,209.394,,,,
1994-12-12,210.438,,,,
1994-12-13,211.028,,,,
1994-12-14,213.75,,,,
1994-12-15,214.521,,,,
1994-12-16,215.671,,,,
1994-12-19,215.156,,,,
1994-12-20,215.035,,,,
1994-12-21,216.729,,,,
1994-12-22,216.79,,,,
1994-12-23,216.941,,,,
1994-12-26,216.941,,,,
1994-12-27,218.469,,,,
1994-12-28,217.712,,,,
1994-12-29,218.438,,,,
1994-12-30,217.501,,,,
1995-01-02,217.501,,,,
1995-01-03,216.397,,,,
1995-01-04,216.669,,,,
1995-01-05,216.245,,,,
1995-01-06,216.2,,,,
1995-01-09,216.487,,,,
1995-01-10,217.289,,,,
1995-01-11,217.637,,,,
1995-01-12,217.349,,,,
1995-01-13,219.164,,,,
1995-01-16,220.843,,,,
1995-01-17,221.448,,,,
1995-01-18,221.327,,,,
1995-01-19,220.178,,,,
1995-01-20,218.862,,,,
1995-01-23,218.847,,,,
1995-01-24,219.346,,,,
1995-01-25,219.558,,,,
1995-01-26,220.087,,,,
1995-01-27,221.509,,,,
1995-01-30,220.979,,,,
1995-01-31,221.917,,,,137826208
1995-02-01,222.083,,,,145747904
1995-02-02,223.429,,,,128058600
1995-02-03,226.197,,,,163754208
1995-02-06,228.208,,,,127483600
1995-02-07,227.83,,,,125252896
1995-02-08,228.042,,,,125570000
1995-02-09,228.208,,,,130505504
1995-02-10,228.889,,,,110079696
1995-02-13,228.677,,,,88069904
1995-02-14,228.844,,,,109755200
1995-02-15,229.66,,,,131438704
1995-02-16,229.902,,,,113764600
1995-02-17,228.193,,,,126379600
1995-02-20,228.193,,,,126379600
1995-02-21,227.982,,,,164584608
1995-02-22,229.252,,,,183012096
1995-02-23,230.583,,,,231489296
1995-02-24,230.931,,,,175866208
1995-02-27,228.768,,,,150517408
1995-02-28,230.916,,,,172322208
1995-03-01,230.583,,,,189547808
1995-03-02,230.371,,,,164810304
1995-03-03,231.158,,,,164344192
1995-03-06,231.4,,,,160347008
1995-03-07,229.615,,,,203401696
1995-03-08,229.842,,,,197176400
1995-03-09,229.917,,,,181582592
1995-03-10,232.897,,,,205339808
1995-03-13,233.366,,,,162325504
1995-03-14,235.256,,,,201254496
1995-03-15,234.697,,,,192920496
1995-03-16,236.33,,,,189874000
1995-03-17,236.497,,,,224139392
1995-03-20,237.147,,,,159007600
1995-03-21,237.117,,,,203683504
1995-03-22,237.071,,,,189718400
1995-03-23,236.769,,,,216720000
1995-03-24,239.007,,,,224056992
1995-03-27,239.96,,,,184570800
1995-03-28,240.55,,,,204309504
1995-03-29,239.355,,,,254471808
1995-03-30,238.206,,,,221843504
1995-03-31,237.207,,,,221658400
1995-04-03,237.979,,,,168903104
1995-04-04,238.705,,,,225287200
1995-04-05,238.659,,,,213566208
1995-04-06,238.765,,,,191064496
1995-04-07,238.871,,,,179356992
1995-04-10,239.673,,,,165685792
1995-04-11,239.022,,,,206917504
1995-04-12,239.884,,,,193612192
1995-04-13,241.125,,,,185619600
1995-04-14,241.125,,,,185619600
1995-04-17,239.249,,,,223848992
1995-04-18,238.448,,,,211185600
1995-04-19,237.071,,,,298639296
1995-04-20,237.011,,,,264498400
1995-04-21,238.554,,,,241580496
1995-04-24,240.777,,,,203394304
1995-04-25,240.505,,,,239583392
1995-04-26,240.958,,,,225654400
1995-04-27,241.654,,,,239721792
1995-04-28,242.198,,,,206996992
1995-05-01,241.291,,,,184976192
1995-05-02,241.881,,,,188610800
1995-05-03,245.178,,,,230237200
1995-05-04,245.072,,,,289709696
1995-05-05,244.482,,,,208051504
1995-05-08,246.448,,,,172315296
1995-05-09,246.554,,,,208989904
1995-05-10,246.766,,,,223298096
1995-05-11,247.809,,,,220219200
1995-05-12,247.794,,,,260096704
1995-05-15,248.172,,,,202952800
1995-05-16,248.309,,,,220720096
1995-05-17,248.248,,,,216638496
1995-05-18,244.422,,,,218756704
1995-05-19,244.664,,,,223834704
1995-05-22,246.736,,,,179922592
1995-05-23,249.352,,,,230435904
1995-05-24,249.458,,,,265370592
1995-05-25,249.382,,,,221630704
1995-05-26,247.023,,,,175049904
1995-05-29,246.41,,,,175049904
1995-05-30,245.889,,,,199897296
1995-05-31,250.29,,,,228114400
1995-06-01,250.571,,,,199241696
1995-06-02,250.506,,,,206002800
1995-06-05,252.04,,,,226261600
1995-06-06,251.907,,,,221122592
1995-06-07,251.462,,,,205915808
1995-06-08,251.779,,,,168053504
1995-06-09,249.851,,,,196467600
1995-06-12,251.305,,,,185029696
1995-06-13,253.592,,,,213947008
1995-06-14,254.028,,,,217062704
1995-06-15,254.84,,,,210446208
1995-06-16,256.567,,,,264016496
1995-06-19,259.654,,,,214949696
1995-06-20,259.688,,,,236840992
1995-06-21,259.721,,,,244000096
1995-06-22,263.217,,,,248352496
1995-06-23,262.316,,,,212892000
1995-06-26,259.348,,,,190946800
1995-06-27,257.612,,,,216411104
1995-06-28,258.285,,,,234307008
1995-06-29,258.674,,,,186422704
1995-06-30,259.454,,,,223678896
1995-07-03,260.625,,,,75474600
1995-07-04,261.35,,,,75474600
1995-07-05,260.91,,,,240546704
1995-07-06,263.921,,,,288756608
1995-07-07,265.12,,,,356900896
1995-07-10,265.533,,,,301212288
1995-07-11,264.546,,,,277897504
1995-07-12,268.018,,,,323499296
1995-07-13,268.425,,,,307275584
1995-07-14,268.259,,,,250417296
1995-07-17,269.963,,,,278561088
1995-07-18,267.302,,,,312099904
1995-07-19,261.961,,,,479129504
1995-07-20,262.79,,,,349070016
1995-07-21,263.572,,,,350079008
1995-07-24,265.849,,,,262662704
1995-07-25,268.335,,,,313067904
1995-07-26,269.446,,,,319760192
1995-07-27,271.587,,,,293728704
1995-07-28,270.389,,,,269283200
1995-07-31,270.03,,,,234711600
1995-08-01,268.633,,,,279528288
1995-08-02,266.791,,,,331627712
1995-08-03,265.887,,,,318595808
1995-08-04,266.793,,,,227504304
1995-08-07,267.479,,,,193814000
1995-08-08,267.839,,,,227343504
1995-08-09,268.415,,,,252600000
1995-08-10,267.716,,,,233785792
1995-08-11,266.796,,,,224535904
1995-08-14,269.594,,,,205355392
1995-08-15,269.201,,,,256136496
1995-08-16,270.46,,,,315358400
1995-08-17,270.062,,,,276660992
1995-08-18,269.959,,,,284759904
1995-08-21,268.468,,,,260177904
1995-08-22,269.581,,,,256658896
1995-08-23,269.134,,,,242656800
1995-08-24,269.024,,,,254772000
1995-08-25,269.451,,,,200692800
1995-08-28,267.558,,,,206604400
1995-08-29,267.93,,,,307311296
1995-08-30,269.151,,,,272510208
1995-08-31,269.988,,,,231293904
1995-09-01,269.803,,,,196718208
1995-09-04,273.82,,,,196718208
1995-09-05,273.17,,,,261481200
1995-09-06,274.354,,,,287808096
1995-09-07,274.509,,,,274914496
1995-09-08,275.647,,,,253655200
1995-09-11,276.771,,,,252660704
1995-09-12,277.307,,,,269111712
1995-09-13,279.168,,,,288336000
1995-09-14,280.811,,,,304506912
1995-09-15,279.816,,,,425942496
1995-09-18,280.465,,,,283932704
1995-09-19,282.05,,,,327916096
1995-09-20,283.604,,,,362963104
1995-09-21,282.29,,,,317014112
1995-09-22,282.148,,,,292765696
1995-09-25,281.829,,,,230188000
1995-09-26,281.662,,,,298435296
1995-09-27,280.466,,,,393849792
1995-09-28,283.161,,,,326271296
1995-09-29,281.92,,,,291334592
1995-10-02,280.147,,,,256045104
1995-10-03,280.344,,,,314483488
1995-10-04,279.015,,,,305463392
1995-10-05,280.236,,,,319486304
1995-10-06,279.79,,,,300992704
1995-10-09,276.433,,,,311698208
1995-10-10,275.543,,,,435864288
1995-10-11,277.044,,,,332093184
1995-10-12,279.835,,,,291660704
1995-10-13,280.426,,,,302019104
1995-10-16,279.815,,,,229179104
1995-10-17,282.658,,,,317730592
1995-10-18,283.845,,,,409940288
1995-10-19,285.448,,,,360444288
1995-10-20,283.124,,,,328300192
1995-10-23,282.72,,,,279755488
1995-10-24,283.601,,,,305458208
1995-10-25,281.255,,,,329428992
1995-10-26,278.964,,,,364305216
1995-10-27,280.274,,,,322977600
1995-10-30,282.743,,,,296157184
1995-10-31,281.901,,,,300544896
1995-11-01,283.131,,,,285143808
1995-11-02,286.039,,,,323672096
1995-11-03,287.283,,,,280553408
1995-11-06,285.921,,,,247183504
1995-11-07,284.171,,,,389513600
1995-11-08,286.459,,,,321799904
1995-11-09,288.723,,,,310718912
1995-11-10,288.475,,,,246994896
1995-11-13,288.012,,,,224547808
1995-11-14,285.719,,,,282605792
1995-11-15,288.154,,,,304818208
1995-11-16,289.716,,,,333594400
1995-11-17,290.291,,,,318442912
1995-11-20,287.789,,,,272675904
1995-11-21,288.427,,,,367177696
1995-11-22,286.814,,,,288705600
1995-11-23,288.85,,,,288705600
1995-11-24,288.288,,,,86364800
1995-11-27,288.329,,,,287604288
1995-11-28,291.776,,,,326797504
1995-11-29,292.683,,,,330377504
1995-11-30,292.497,,,,332791008
1995-12-01,291.954,,,,293750592
1995-12-04,295.058,,,,314041984
1995-12-05,296.938,,,,370726208
1995-12-06,297.722,,,,355205600
1995-12-07,296.263,,,,317222304
1995-12-08,297.177,,,,270079808
1995-12-11,297.738,,,,262863696
1995-12-12,296.925,,,,274788000
1995-12-13,298.114,,,,323758304
1995-12-14,294.966,,,,373517600
1995-12-15,293.958,,,,512535296
1995-12-18,288.511,,,,383825600
1995-12-19,291.382,,,,402314592
1995-12-20,287.942,,,,363873312
1995-12-21,290.576,,,,344849216
1995-12-22,291.935,,,,241453504
1995-12-25,293.82,,,,241453504
1995-12-26,293.226,,,,159425504
1995-12-27,293.017,,,,191491392
1995-12-28,292.313,,,,242975600
1995-12-29,293.664,,,,278653600
1996-01-01,293.664,,,,278653600
1996-01-02,295.896,,,,289504192
1996-01-03,295.374,,,,375971584
1996-01-04,293.35,,,,463369312
1996-01-05,292.044,,,,400018112
1996-01-08,292.791,,,,91440096
1996-01-09,286.74,,,,412760992
1996-01-10,282.364,,,,494972192
1996-01-11,285.507,,,,383313216
1996-01-12,285.154,,,,341804896
1996-01-15,283.37,,,,299028288
1996-01-16,286.931,,,,414995296
1996-01-17,286.319,,,,515950592
1996-01-18,288.277,,,,403826112
1996-01-19,290.617,,,,436123584
1996-01-22,291.964,,,,333473504
1996-01-23,292.052,,,,355956096
1996-01-24,296.225,,,,434067200
1996-01-25,294.361,,,,397513088
1996-01-26,296.984,,,,325632608
1996-01-29,297.378,,,,275337696
1996-01-30,300.831,,,,368324512
1996-01-31,303.229,,,,394077696
1996-02-01,304.998,,,,376573088
1996-02-02,304.049,,,,349782304
1996-02-05,307.308,,,,350992608
1996-02-06,309.37,,,,427001312
1996-02-07,310.631,,,,430579808
1996-02-08,314.292,,,,405101792
1996-02-09,314.577,,,,380614912
1996-02-12,315.832,,,,306688192
1996-02-13,315.028,,,,365032896
1996-02-14,313.378,,,,332124896
1996-02-15,312.392,,,,314096992
1996-02-16,311.163,,,,319874400
1996-02-19,308.87,,,,319874400
1996-02-20,308.283,,,,298198496
1996-02-21,311.761,,,,328225984
1996-02-22,317.049,,,,425593792
1996-02-23,317.391,,,,388201312
1996-02-26,313.668,,,,296554496
1996-02-27,311.709,,,,333186112
1996-02-28,310.951,,,,343812192
1996-02-29,308.498,,,,360265984
1996-03-01,308.781,,,,446785984
1996-03-04,312.399,,,,361278400
1996-03-05,315.459,,,,372036000
1996-03-06,312.913,,,,361765088
1996-03-07,314.227,,,,332006016
1996-03-08,304.96,,,,450268192
1996-03-11,307.886,,,,346977504
1996-03-12,306.343,,,,334955392
1996-03-13,307.114,,,,339162112
1996-03-14,307.827,,,,385481888
1996-03-15,309.528,,,,445223296
1996-03-18,313.484,,,,351473792
1996-03-19,311.726,,,,338521600
1996-03-20,311.025,,,,340569984
1996-03-21,310.526,,,,296176512
1996-03-22,311.226,,,,270213888
1996-03-25,309.579,,,,285894496
1996-03-26,310.647,,,,351756896
1996-03-27,309.209,,,,321906912
1996-03-28,309.344,,,,302485184
1996-03-29,308.339,,,,328565088
1996-04-01,312.256,,,,302907104
1996-04-02,312.727,,,,299955712
1996-04-03,313.42,,,,305368384
1996-04-04,313.331,,,,286825984
1996-04-05,309.16,,,,286825984
1996-04-08,308.592,,,,389877600
1996-04-09,307.053,,,,377734304
1996-04-10,302.815,,,,400772096
1996-04-11,301.296,,,,426991808
1996-04-12,304.299,,,,324553792
1996-04-15,306.849,,,,279535488
1996-04-16,309.127,,,,386542592
1996-04-17,307.136,,,,356876608
1996-04-18,309.341,,,,340037600
1996-04-19,309.938,,,,330479392
1996-04-22,311.881,,,,336338496
1996-04-23,313.582,,,,372666816
1996-04-24,313.735,,,,454755584
1996-04-25,315.451,,,,391107488
1996-04-26,315.777,,,,334319488
1996-04-29,315.899,,,,263487808
1996-04-30,316.214,,,,292713984
1996-05-01,316.991,,,,309804096
1996-05-02,311.344,,,,355834592
1996-05-03,310.893,,,,347360000
1996-05-06,310.675,,,,291360800
1996-05-07,309.138,,,,305218688
1996-05-08,311.465,,,,367452704
1996-05-09,311.74,,,,304385216
1996-05-10,315.452,,,,316688608
1996-05-13,320.717,,,,340984800
1996-05-14,323.106,,,,381212800
1996-05-15,323.317,,,,369697888
1996-05-16,324.131,,,,325705216
1996-05-17,325.648,,,,332538112
1996-05-20,327.807,,,,282198016
1996-05-21,327.204,,,,310199104
1996-05-22,329.153,,,,328325312
1996-05-23,328.666,,,,330272512
1996-05-24,329.947,,,,260845504
1996-05-27,327.16,,,,260845504
1996-05-28,326.676,,,,268534784
1996-05-29,324.571,,,,324438112
1996-05-30,327.325,,,,314985088
1996-05-31,326.913,,,,302011584
1996-06-03,326.332,,,,249148896
1996-06-04,328.664,,,,313476896
1996-06-05,331.689,,,,294984704
1996-06-06,329.153,,,,346607008
1996-06-07,329.309,,,,353036704
1996-06-10,328.898,,,,242160608
1996-06-11,328.416,,,,292484416
1996-06-12,328.289,,,,302472096
1996-06-13,327.239,,,,300201984
1996-06-14,325.854,,,,275481504
1996-06-17,325.125,,,,238519808
1996-06-18,322.227,,,,339479200
1996-06-19,322.693,,,,358364896
1996-06-20,322.191,,,,402466912
1996-06-21,324.612,,,,408597312
1996-06-24,325.97,,,,281410592
1996-06-25,325.788,,,,308463808
1996-06-26,323.189,,,,349134208
1996-06-27,325.456,,,,340739488
1996-06-28,326.897,,,,350313792
1996-07-01,329.458,,,,272551616
1996-07-02,327.974,,,,318382784
1996-07-03,326.617,,,,286553792
1996-07-04,320.16,,,,286553792
1996-07-05,319.558,,,,144396992
1996-07-08,317.122,,,,299588704
1996-07-09,317.784,,,,333316512
1996-07-10,317.077,,,,389988992
1996-07-11,309.961,,,,535185504
1996-07-12,309.616,,,,399702912
1996-07-15,299.827,,,,420332000
1996-07-16,299.573,,,,678547392
1996-07-17,304.798,,,,515394816
1996-07-18,311.07,,,,443029184
1996-07-19,307.826,,,,371622112
1996-07-22,304.742,,,,295805184
1996-07-23,299.084,,,,405834816
1996-07-24,299.532,,,,488148512
1996-07-25,302.39,,,,383520192
1996-07-26,306.449,,,,332492800
1996-07-29,302.835,,,,264616608
1996-07-30,305.123,,,,287801792
1996-07-31,307.403,,,,325131200
1996-08-01,313.243,,,,361705696
1996-08-02,319.932,,,,402041984
1996-08-05,318.433,,,,271142592
1996-08-06,320.332,,,,319791200
1996-08-07,322.34,,,,365868000
1996-08-08,321.229,,,,300603392
1996-08-09,319.146,,,,294738912
1996-08-12,321.573,,,,266361296
1996-08-13,318.653,,,,302177216
1996-08-14,320.154,,,,297890400
1996-08-15,320.15,,,,311627584
1996-08-16,320.781,,,,293073088
1996-08-19,320.652,,,,230951104
1996-08-20,319.36,,,,260371808
1996-08-21,319.194,,,,288347104
1996-08-22,322.81,,,,309424992
1996-08-23,321.716,,,,266146496
1996-08-26,320.363,,,,276335488
1996-08-27,322.121,,,,284760288
1996-08-28,322.048,,,,283004608
1996-08-29,318.002,,,,290210208
1996-08-30,315.043,,,,224384704
1996-09-02,316.25,,,,224384704
1996-09-03,315.884,,,,280292288
1996-09-04,316.394,,,,309434912
1996-09-05,312.591,,,,345506400
1996-09-06,316.689,,,,320972192
1996-09-09,319.994,,,,273985504
1996-09-10,320.803,,,,310448512
1996-09-11,321.99,,,,326712000
1996-09-12,324.655,,,,382156192
1996-09-13,329.958,,,,464987296
1996-09-16,331.606,,,,418532288
1996-09-17,332.191,,,,452041216
1996-09-18,331.852,,,,389533184
1996-09-19,333.833,,,,373623104
1996-09-20,335.545,,,,453750016
1996-09-23,334.644,,,,252707296
1996-09-24,334.852,,,,416976896
1996-09-25,336.132,,,,397787104
1996-09-26,337.39,,,,478027488
1996-09-27,337.201,,,,347990112
1996-09-30,337.482,,,,340812096
1996-10-01,337.083,,,,363864192
1996-10-02,339.268,,,,398689312
1996-10-03,338.827,,,,372741088
1996-10-04,343.169,,,,389019712
1996-10-07,344.07,,,,336236992
1996-10-08,342.12,,,,387369088
1996-10-09,340.482,,,,379491488
1996-10-10,339.279,,,,381472896
1996-10-11,342.582,,,,364177792
1996-10-14,344.61,,,,292941792
1996-10-15,344.103,,,,415741408
1996-10-16,344.03,,,,403086592
1996-10-17,344.838,,,,412869888
1996-10-18,345.939,,,,407469696
1996-10-21,344.026,,,,349898528
1996-10-22,341.752,,,,387899904
1996-10-23,342.076,,,,402512512
1996-10-24,340.111,,,,391906208
1996-10-25,338.288,,,,347890496
1996-10-28,335.823,,,,360716864
1996-10-29,336.103,,,,393946816
1996-10-30,336.174,,,,392374592
1996-10-31,339.263,,,,419594816
1996-11-01,338.69,,,,383635904
1996-11-04,339.782,,,,342946592
1996-11-05,344.355,,,,442696896
1996-11-06,351.391,,,,485785792
1996-11-07,353.563,,,,471219200
1996-11-08,355.157,,,,360529408
1996-11-11,356.306,,,,305852704
1996-11-12,354.411,,,,446583808
1996-11-13,355.855,,,,405795904
1996-11-14,358.47,,,,414205504
1996-11-15,357.904,,,,450752608
1996-11-18,356.341,,,,311697696
1996-11-19,357.979,,,,359190688
1996-11-20,358.97,,,,393774912
1996-11-21,357.774,,,,398835904
1996-11-22,360.284,,,,459136288
1996-11-25,363.901,,,,409746688
1996-11-26,363.585,,,,425748512
1996-11-27,363.788,,,,294996512
1996-11-28,364.79,,,,294996512
1996-11-29,364.4,,,,116920496
1996-12-02,364.626,,,,339013696
1996-12-03,360.561,,,,454588992
1996-12-04,359.276,,,,457181888
1996-12-05,358.735,,,,400896800
1996-12-06,356.426,,,,434336288
1996-12-09,363.196,,,,345726496
1996-12-10,361.414,,,,414008288
1996-12-11,359.34,,,,451046688
1996-12-12,353.512,,,,420721888
1996-12-13,352.072,,,,408605504
1996-12-16,346.483,,,,378264096
1996-12-17,348.181,,,,468576512
1996-12-18,352.716,,,,424210496
1996-12-19,359.318,,,,452224992
1996-12-20,359.711,,,,535655104
1996-12-23,357.997,,,,288345312
1996-12-24,360.385,,,,146468704
1996-12-25,362.84,,,,146468704
1996-12-26,362.348,,,,219064096
1996-12-27,362.277,,,,216640192
1996-12-30,360.854,,,,273266912
1996-12-31,356.748,,,,345714688
1997-01-01,353.69,,,,345714688
1997-01-02,353.313,,,,410317600
1997-01-03,359.938,,,,394902208
1997-01-06,359.91,,,,457349888
1997-01-07,363.807,,,,449500608
1997-01-08,361.151,,,,499046912
1997-01-09,363.551,,,,464538112
1997-01-10,366.062,,,,494621088
1997-01-13,365.972,,,,399447200
1997-01-14,370.586,,,,480679712
1997-01-15,368.552,,,,482379200
1997-01-16,370.804,,,,508096704
1997-01-17,374.401,,,,471947904
1997-01-20,375.838,,,,422684800
1997-01-21,378.95,,,,530954496
1997-01-22,381.662,,,,528295616
1997-01-23,377.59,,,,636567424
1997-01-24,373.486,,,,581271808
1997-01-27,369.999,,,,408654688
1997-01-28,371.138,,,,500164896
1997-01-29,373.529,,,,455678112
1997-01-30,379.836,,,,492608000
1997-01-31,381.562,,,,546847680
1997-02-03,381.412,,,,402247808
1997-02-04,381.568,,,,438661312
1997-02-05,374.906,,,,579816704
1997-02-06,376.878,,,,488497984
1997-02-07,381.541,,,,512124288
1997-02-10,378.036,,,,495193216
1997-02-11,379.262,,,,498347488
1997-02-12,386.954,,,,525850816
1997-02-13,391.214,,,,566166016
1997-02-14,389.903,,,,417983712
1997-02-17,394.07,,,,417983712
1997-02-18,393.639,,,,390788704
1997-02-19,392.648,,,,441375808
1997-02-20,386.857,,,,432077184
1997-02-21,384.672,,,,446742400
1997-02-24,389.151,,,,418080992
1997-02-25,389.491,,,,525987008
1997-02-26,386.942,,,,514334112
1997-02-27,380.811,,,,493571904
1997-02-28,378.648,,,,528918688
1997-03-03,380.412,,,,403809696
1997-03-04,378.684,,,,495159808
1997-03-05,384.604,,,,539129920
1997-03-06,382.22,,,,517271392
1997-03-07,384.32,,,,500448800
1997-03-10,388.364,,,,464035712
1997-03-11,387.57,,,,456862112
1997-03-12,384.465,,,,454162496
1997-03-13,378.434,,,,452393888
1997-03-14,378.896,,,,476065600
1997-03-17,379.078,,,,500064704
1997-03-18,376.641,,,,430200192
1997-03-19,373.404,,,,565241024
1997-03-20,372.722,,,,498570688
1997-03-21,371.904,,,,513183808
1997-03-24,373.223,,,,491975296
1997-03-25,373.418,,,,457524608
1997-03-26,375.844,,,,480158400
1997-03-27,368.277,,,,443268704
1997-03-28,358.21,,,,443268704
1997-03-31,357.654,,,,521297696
1997-04-01,359.098,,,,508245696
1997-04-02,355.161,,,,477780000
1997-04-03,356.811,,,,491818816
1997-04-04,363.227,,,,594739712
1997-04-07,365.018,,,,464281984
1997-04-08,366.388,,,,444108192
1997-04-09,363.753,,,,452872512
1997-04-10,361.76,,,,443045888
1997-04-11,351.798,,,,462922912
1997-04-14,355.542,,,,382558208
1997-04-15,360.324,,,,488551296
1997-04-16,365.244,,,,482555488
1997-04-17,364.165,,,,471863904
1997-04-18,365.896,,,,481573504
1997-04-21,362.282,,,,436551392
1997-04-22,368.836,,,,525669792
1997-04-23,369.268,,,,483493408
1997-04-24,368.723,,,,490573696
1997-04-25,363.379,,,,388899904
1997-04-28,366.87,,,,372695008
1997-04-29,376.833,,,,501101600
1997-04-30,381.152,,,,554957504
1997-05-01,380.497,,,,484916608
1997-05-02,388.53,,,,555121984
1997-05-05,398.372,,,,615064576
1997-05-06,395.492,,,,590625472
1997-05-07,391.019,,,,500756192
1997-05-08,392.402,,,,508215808
1997-05-09,394.843,,,,406246016
1997-05-12,400.363,,,,403924608
1997-05-13,398.467,,,,440070304
1997-05-14,399.232,,,,471160000
1997-05-15,403.852,,,,429769216
1997-05-16,397.67,,,,483784608
1997-05-19,399.252,,,,348724992
1997-05-20,403.73,,,,436733600
1997-05-21,403.816,,,,559424384
1997-05-22,401.887,,,,383321216
1997-05-23,407.714,,,,408704192
1997-05-26,411.5,,,,408704192
1997-05-27,410.628,,,,465670496
1997-05-28,409.68,,,,508928192
1997-05-29,407.605,,,,487419008
1997-05-30,408.337,,,,603683904
1997-06-02,407.441,,,,430400000
1997-06-03,404.664,,,,508610816
1997-06-04,401.967,,,,469028192
1997-06-05,403.74,,,,416906304
1997-06-06,410.516,,,,420957408
1997-06-09,414.437,,,,424217216
1997-06-10,413.814,,,,504319808
1997-06-11,415.918,,,,495347904
1997-06-12,421.489,,,,510991488
1997-06-13,426.664,,,,505839200
1997-06-16,427.176,,,,379170496
1997-06-17,428.352,,,,515715008
1997-06-18,424.869,,,,471014016
1997-06-19,430.826,,,,492733600
1997-06-20,430.506,,,,542886720
1997-06-23,421.017,,,,411067104
1997-06-24,429.095,,,,458355200
1997-06-25,426.208,,,,500020992
1997-06-26,423.426,,,,456889088
1997-06-27,425.462,,,,400140608
1997-06-30,424.21,,,,425062464
1997-07-01,426.329,,,,471773088
1997-07-02,432.803,,,,480300896
1997-07-03,439.209,,,,294339904
1997-07-04,438.18,,,,294339904
1997-07-07,437.607,,,,398762208
1997-07-08,441.485,,,,413673504
1997-07-09,437.88,,,,523622784
1997-07-10,440.152,,,,465797888
1997-07-11,443.049,,,,421426208
1997-07-14,446.131,,,,432565184
1997-07-15,451.03,,,,516666496
1997-07-16,457.559,,,,607854720
1997-07-17,455.158,,,,548052992
1997-07-18,447.159,,,,519382112
1997-07-21,443.982,,,,384833312
1997-07-22,454.672,,,,480354112
1997-07-23,456.791,,,,532181504
1997-07-24,458.455,,,,541694208
1997-07-25,457.239,,,,448811712
1997-07-28,453.805,,,,370831616
1997-07-29,455.345,,,,436344192
1997-07-30,460.452,,,,458764288
1997-07-31,461.31,,,,448846592
1997-08-01,458.93,,,,420902400
1997-08-04,460.395,,,,383197184
1997-08-05,463.452,,,,460347552
1997-08-06,466.021,,,,484276512
1997-08-07,461.205,,,,483271808
1997-08-08,452.521,,,,528967904
1997-08-11,450.44,,,,462853408
1997-08-12,445.015,,,,453131392
1997-08-13,444.108,,,,511862784
1997-08-14,447.041,,,,434918304
1997-08-15,435.018,,,,449100992
1997-08-18,439.279,,,,457900992
1997-08-19,446.863,,,,504357312
1997-08-20,453.923,,,,488952608
1997-08-21,447.226,,,,437277504
1997-08-22,445.46,,,,427448512
1997-08-25,443.631,,,,345436608
1997-08-26,439.418,,,,408649216
1997-08-27,439.65,,,,456441504
1997-08-28,435.08,,,,469348704
1997-08-29,434.039,,,,317875392
1997-09-01,446.93,,,,317875392
1997-09-02,446.811,,,,396099488
1997-09-03,447.254,,,,475816000
1997-09-04,448.659,,,,447960704
1997-09-05,448.693,,,,467322304
1997-09-08,448.681,,,,398125088
1997-09-09,449.627,,,,455672896
1997-09-10,442.026,,,,479657088
1997-09-11,439.14,,,,525031296
1997-09-12,444.969,,,,479696992
1997-09-15,442.195,,,,430125792
1997-09-16,453.935,,,,565855424
1997-09-17,453.159,,,,529006400
1997-09-18,454.014,,,,466843296
1997-09-19,456.579,,,,488622784
1997-09-22,460.541,,,,426505504
1997-09-23,459.446,,,,458832000
1997-09-24,454.655,,,,517819040
1997-09-25,451.204,,,,426531584
1997-09-26,454.267,,,,411956608
1997-09-29,458.696,,,,380123584
1997-09-30,454.882,,,,491383616
1997-10-01,457.01,,,,574145280
1997-10-02,460.52,,,,440817792
1997-10-03,462.957,,,,530550016
1997-10-06,465.354,,,,410695296
1997-10-07,471.53,,,,477852192
1997-10-08,468.814,,,,469448384
1997-10-09,467.634,,,,441766784
1997-10-10,466.458,,,,357702496
1997-10-13,466.547,,,,278089408
1997-10-14,466.48,,,,418885408
1997-10-15,464.263,,,,510044096
1997-10-16,458.769,,,,553866816
1997-10-17,452.23,,,,667925312
1997-10-20,457.969,,,,463191200
1997-10-21,466.308,,,,490969792
1997-10-22,464.522,,,,533629888
1997-10-23,455.532,,,,595732224
1997-10-24,449.94,,,,692551680
1997-10-27,418.325,,,,676269312
1997-10-28,441.516,,,,1082312960
1997-10-29,439.378,,,,691337792
1997-10-30,431.743,,,,616218688
1997-10-31,437.833,,,,517704704
1997-11-03,449.582,,,,477252416
1997-11-04,451.588,,,,476763104
1997-11-05,453.716,,,,489691904
1997-11-06,450.776,,,,436729088
1997-11-07,445.209,,,,523478592
1997-11-10,440.906,,,,424454400
1997-11-11,441.767,,,,395583808
1997-11-12,432.507,,,,536742688
1997-11-13,439.109,,,,583345280
1997-11-14,446.085,,,,525005888
1997-11-17,454.497,,,,491851808
1997-11-18,448.374,,,,419185696
1997-11-19,451.748,,,,401592992
1997-11-20,458.57,,,,491760608
1997-11-21,460.301,,,,500652800
1997-11-24,451.824,,,,411389792
1997-11-25,454.603,,,,486922592
1997-11-26,454.347,,,,363273088
1997-11-27,455.98,,,,363273088
1997-11-28,456.053,,,,144016800
1997-12-01,465.182,,,,484459392
1997-12-02,462.98,,,,513335104
1997-12-03,465.963,,,,563035712
1997-12-04,464.365,,,,535468512
1997-12-05,469.533,,,,486131712
1997-12-08,468.931,,,,422954208
1997-12-09,464.25,,,,627189184
1997-12-10,460.321,,,,595009984
1997-12-11,452.35,,,,650179008
1997-12-12,449.998,,,,590736000
1997-12-15,453.262,,,,625258624
1997-12-16,457.731,,,,564708416
1997-12-17,455.58,,,,540855872
1997-12-18,450.126,,,,555217920
1997-12-19,447.37,,,,706523904
1997-12-22,450.786,,,,447367200
1997-12-23,443.776,,,,415728000
1997-12-24,440.46,,,,223772608
1997-12-25,442.29,,,,223772608
1997-12-26,442.31,,,,125522600
1997-12-29,451.041,,,,367744800
1997-12-30,460.426,,,,421987200
1997-12-31,460.608,,,,409301792
1998-01-01,463.47,,,,409301792
1998-01-02,463.465,,,,325830016
1998-01-05,466.3,,,,561602112
1998-01-06,461.676,,,,487621312
1998-01-07,460.184,,,,558877824
1998-01-08,458.053,,,,539043904
1998-01-09,443.216,,,,690234112
1998-01-12,449.682,,,,625481600
1998-01-13,456.484,,,,613522880
1998-01-14,458.224,,,,562318272
1998-01-15,454.433,,,,525455904
1998-01-16,459.524,,,,590977792
1998-01-19,470.18,,,,590977792
1998-01-20,470.037,,,,574079296
1998-01-21,467.582,,,,574057024
1998-01-22,462.974,,,,555007232
1998-01-23,460.884,,,,529739584
1998-01-26,459.4,,,,487924096
1998-01-27,465.197,,,,565069504
1998-01-28,471.526,,,,637791296
1998-01-29,475.347,,,,653579904
1998-01-30,474.179,,,,526513088
1998-02-02,484.728,,,,657933568
1998-02-03,486.9,,,,601868672
1998-02-04,487.913,,,,619202432
1998-02-05,486.094,,,,644486016
1998-02-06,490.004,,,,519676096
1998-02-09,488.252,,,,461212896
1998-02-10,493.496,,,,580279808
1998-02-11,494.262,,,,529363392
1998-02-12,496.195,,,,572832512
1998-02-13,494.335,,,,440097312
1998-02-16,494.69,,,,440097312
1998-02-17,494.484,,,,498364800
1998-02-18,499.854,,,,493553216
1998-02-19,499.726,,,,564614784
1998-02-20,502.141,,,,554446528
1998-02-23,506.409,,,,509810304
1998-02-24,500.89,,,,526472384
1998-02-25,507.004,,,,600711680
1998-02-26,510.032,,,,588548288
1998-02-27,509.491,,,,561512832
1998-03-02,506.656,,,,541243328
1998-03-03,506.981,,,,569052224
1998-03-04,504.256,,,,546784320
1998-03-05,497.042,,,,680728000
1998-03-06,508.24,,,,585713920
1998-03-09,506.983,,,,570496704
1998-03-10,512.942,,,,566844096
1998-03-11,514.824,,,,561620992
1998-03-12,515.835,,,,509913696
1998-03-13,514.419,,,,526030400
1998-03-16,517.856,,,,457577088
1998-03-17,518.006,,,,579872576
1998-03-18,520.107,,,,528364704
1998-03-19,520.692,,,,494437696
1998-03-20,523.21,,,,582027200
1998-03-23,522.061,,,,513648800
1998-03-24,527.281,,,,523596288
1998-03-25,526.662,,,,627165184
1998-03-26,527.131,,,,494527104
1998-03-27,524.75,,,,501498688
1998-03-30,524.777,,,,426264896
1998-03-31,529.236,,,,535811488
1998-04-01,534.156,,,,591434304
1998-04-02,539.083,,,,626857600
1998-04-03,540.734,,,,574658176
1998-04-06,535.773,,,,537533312
1998-04-07,529.508,,,,592742080
1998-04-08,527.762,,,,522032800
1998-04-09,530.648,,,,466071808
1998-04-10,529.03,,,,466071808
1998-04-13,528.701,,,,441837600
1998-04-14,531.258,,,,516491296
1998-04-15,532.367,,,,606750784
1998-04-16,525.136,,,,607161088
1998-04-17,533.196,,,,557147584
1998-04-20,537.061,,,,517847296
1998-04-21,539.114,,,,576816576
1998-04-22,542.094,,,,624294016
1998-04-23,536.287,,,,571736000
1998-04-24,532.278,,,,540953408
1998-04-27,520.838,,,,583660288
1998-04-28,521.108,,,,565808320
1998-04-29,527.102,,,,539268288
1998-04-30,536.281,,,,567202304
1998-05-01,537.398,,,,487587008
1998-05-04,539.042,,,,458433088
1998-05-05,536.717,,,,461706304
1998-05-06,531.369,,,,469328704
1998-05-07,526.857,,,,464370304
1998-05-08,534.669,,,,448211808
1998-05-11,532.653,,,,458722304
1998-05-12,536.606,,,,489224992
1998-05-13,538.93,,,,519067296
1998-05-14,537.052,,,,481872000
1998-05-15,530.401,,,,519137984
1998-05-18,530.292,,,,463777984
1998-05-19,533.715,,,,480937216
1998-05-20,536.086,,,,501630208
1998-05-21,533.081,,,,468706112
1998-05-22,529.547,,,,400004192
1998-05-25,521.21,,,,400004192
1998-05-26,520.939,,,,430298688
1998-05-27,522.673,,,,561384384
1998-05-28,524.534,,,,460184512
1998-05-29,520.732,,,,473551712
1998-06-01,518.092,,,,514542496
1998-06-02,519.981,,,,555445312
1998-06-03,514.417,,,,559262784
1998-06-04,522.084,,,,549566208
1998-06-05,531.553,,,,512443904
1998-06-08,533.811,,,,455515392
1998-06-09,537.425,,,,472588896
1998-06-10,532.972,,,,506713088
1998-06-11,524.668,,,,541099200
1998-06-12,526.202,,,,553189376
1998-06-15,516.379,,,,501634496
1998-06-16,523.859,,,,568262400
1998-06-17,532.379,,,,632770816
1998-06-18,534.449,,,,534572000
1998-06-19,531.235,,,,592927424
1998-06-22,534.273,,,,486088000
1998-06-23,543.517,,,,576196992
1998-06-24,551.935,,,,675791616
1998-06-25,549.438,,,,598590272
1998-06-26,551.909,,,,408601792
1998-06-29,555.923,,,,449656992
1998-06-30,552.11,,,,607551488
1998-07-01,558.014,,,,640873280
1998-07-02,556.69,,,,529324192
1998-07-03,563.37,,,,529324192
1998-07-06,562.987,,,,480194304
1998-07-07,562.74,,,,526506400
1998-07-08,569.116,,,,585524416
1998-07-09,567.507,,,,617590592
1998-07-10,571.123,,,,501594400
1998-07-13,573.566,,,,529796896
1998-07-14,578.132,,,,618337984
1998-07-15,578.552,,,,714489600
1998-07-16,584.013,,,,646526400
1998-07-17,586.148,,,,567402688
1998-07-20,586.793,,,,510361216
1998-07-21,575.263,,,,641650176
1998-07-22,573.128,,,,732755200
1998-07-23,560.168,,,,674754112
1998-07-24,560.784,,,,640822400
1998-07-27,563.996,,,,569699968
1998-07-28,555.835,,,,635890496
1998-07-29,550.748,,,,565386624
1998-07-30,560.897,,,,611661504
1998-07-31,548.135,,,,573635776
1998-08-03,544.609,,,,548897792
1998-08-04,525.134,,,,784244608
1998-08-05,530.342,,,,806177600
1998-08-06,537.23,,,,714508672
1998-08-07,538.159,,,,679648704
1998-08-10,536.505,,,,503659488
1998-08-11,528.296,,,,638887488
1998-08-12,536.054,,,,602139904
1998-08-13,530.948,,,,561327616
1998-08-14,525.646,,,,587231808
1998-08-17,536.091,,,,536939712
1998-08-18,545.077,,,,626588096
1998-08-19,543.612,,,,613891968
1998-08-20,540.598,,,,587087296
1998-08-21,536.181,,,,723692480
1998-08-24,539.484,,,,515006912
1998-08-25,543.067,,,,591071104
1998-08-26,540.066,,,,588101824
1998-08-27,518.649,,,,867843072
1998-08-28,508.033,,,,788418432
1998-08-31,465.569,,,,893439424
1998-09-01,488.144,,,,1192220544
1998-09-02,486.502,,,,835062080
1998-09-03,482.914,,,,748836928
1998-09-04,477.621,,,,622851584
1998-09-07,504.86,,,,622851584
1998-09-08,504.936,,,,737439616
1998-09-09,494.492,,,,665367168
1998-09-10,481.05,,,,767359296
1998-09-11,494.277,,,,700722816
1998-09-14,503.969,,,,659997376
1998-09-15,507.216,,,,629746688
1998-09-16,511.4,,,,679764288
1998-09-17,498.568,,,,644955392
1998-09-18,499.472,,,,648364608
1998-09-21,502.717,,,,536509184
1998-09-22,507.108,,,,635119488
1998-09-23,523.923,,,,825353024
1998-09-24,513.304,,,,719918592
1998-09-25,514.607,,,,642529088
1998-09-28,516.792,,,,592219072
1998-09-29,515.791,,,,713791872
1998-09-30,500.725,,,,755014080
1998-10-01,480.309,,,,897088576
1998-10-02,484.931,,,,908839872
1998-10-05,474.41,,,,875853696
1998-10-06,472.445,,,,869126080
1998-10-07,463.715,,,,948197632
1998-10-08,456.582,,,,1176191360
1998-10-09,471.103,,,,842604608
1998-10-12,482.232,,,,675525312
1998-10-13,477.64,,,,673506688
1998-10-14,484.708,,,,746355904
1998-10-15,506.898,,,,835247680
1998-10-16,512.041,,,,958815232
1998-10-19,515.872,,,,747253632
1998-10-20,512.83,,,,948677888
1998-10-21,520.521,,,,749283072
1998-10-22,527.75,,,,694118976
1998-10-23,525.019,,,,613433728
1998-10-26,527.441,,,,586424576
1998-10-27,523.94,,,,722421696
1998-10-28,526.558,,,,622751808
1998-10-29,535.788,,,,728673280
1998-10-30,540.716,,,,717927808
1998-11-02,549.697,,,,714953024
1998-11-03,547.963,,,,666697088
1998-11-04,552.397,,,,813603968
1998-11-05,559.558,,,,693599680
1998-11-06,564.657,,,,622363328
1998-11-09,560.287,,,,588801280
1998-11-10,562.081,,,,663244288
1998-11-11,559.149,,,,658451584
1998-11-12,556.598,,,,609118912
1998-11-13,558.793,,,,576940928
1998-11-16,564.379,,,,567617792
1998-11-17,566.282,,,,688716928
1998-11-18,571.881,,,,686486784
1998-11-19,577.132,,,,719063488
1998-11-20,581.771,,,,677490304
1998-11-23,595.366,,,,737966080
1998-11-24,591.646,,,,698596288
1998-11-25,593.317,,,,506638496
1998-11-26,595.87,,,,506638496
1998-11-27,596.064,,,,221398896
1998-11-30,581.462,,,,636876480
1998-12-01,590.752,,,,739081024
1998-12-02,590.378,,,,713755328
1998-12-03,577.842,,,,773982208
1998-12-04,591.948,,,,647442304
1998-12-07,599.092,,,,599267520
1998-12-08,597.547,,,,696762496
1998-12-09,597.71,,,,595734720
1998-12-10,586.28,,,,647502080
1998-12-11,588.568,,,,609428608
1998-12-14,574.159,,,,634871808
1998-12-15,588.427,,,,663120576
1998-12-16,586.404,,,,631279680
1998-12-17,594.636,,,,624835392
1998-12-18,600.391,,,,758944512
1998-12-21,609.891,,,,693549376
1998-12-22,613.237,,,,624108032
1998-12-23,627.787,,,,655527616
1998-12-24,625.878,,,,212055600
1998-12-25,626.79,,,,212055600
1998-12-28,627.389,,,,445142208
1998-12-29,635.301,,,,491707104
1998-12-30,631.571,,,,515742496
1998-12-31,633.305,,,,569498688
1999-01-01,630.95,,,,569498688
1999-01-04,631.632,,,,806876608
1999-01-05,639.735,,,,749635776
1999-01-06,653.199,,,,950779776
1999-01-07,651.343,,,,868042368
1999-01-08,650.945,,,,864720128
1999-01-11,648.359,,,,750935488
1999-01-12,635.572,,,,741778496
1999-01-13,632.975,,,,944442304
1999-01-14,623.8,,,,762724480
1999-01-15,639.378,,,,731851392
1999-01-18,644,,,,731851392
1999-01-19,644.667,,,,752909568
1999-01-20,647.179,,,,927087296
1999-01-21,632.613,,,,867486592
1999-01-22,627.89,,,,769086528
1999-01-25,634.814,,,,666662976
1999-01-26,649.077,,,,806562688
1999-01-27,648.66,,,,810447232
1999-01-28,662.158,,,,761244800
1999-01-29,670.216,,,,812344192
1999-02-01,667.506,,,,718129984
1999-02-02,662.409,,,,769464576
1999-02-03,667.652,,,,778298624
1999-02-04,651.909,,,,786784704
1999-02-05,643.329,,,,817421504
1999-02-08,645.239,,,,671982592
1999-02-09,627.21,,,,696149312
1999-02-10,631.632,,,,738910208
1999-02-11,650.902,,,,756921984
1999-02-12,637.511,,,,685177472
1999-02-15,642.07,,,,685177472
1999-02-16,642.217,,,,633100992
1999-02-17,630.936,,,,803822400
1999-02-18,636.547,,,,731610496
1999-02-19,639.529,,,,660165376
1999-02-22,656.957,,,,689904128
1999-02-23,660.334,,,,745352128
1999-02-24,649.782,,,,748485312
1999-02-25,643.8,,,,767175296
1999-02-26,639.249,,,,797384576
1999-03-01,639.155,,,,671999104
1999-03-02,632.165,,,,729496192
1999-03-03,633.576,,,,778095104
1999-03-04,642.626,,,,799935488
1999-03-05,657.076,,,,751772608
1999-03-08,663.78,,,,757332608
1999-03-09,662.022,,,,796842816
1999-03-10,663.276,,,,744151616
1999-03-11,668.542,,,,823982912
1999-03-12,666.297,,,,862682688
1999-03-15,674.952,,,,689100032
1999-03-16,676.4,,,,714327680
1999-03-17,671.164,,,,667054720
1999-03-18,680.462,,,,755144128
1999-03-19,671.088,,,,929683328
1999-03-22,669.011,,,,676496512
1999-03-23,650.889,,,,804021504
1999-03-24,655.421,,,,730774592
1999-03-25,669.42,,,,744306816
1999-03-26,665.597,,,,647725504
1999-03-29,682.494,,,,723545984
1999-03-30,680.737,,,,703925120
1999-03-31,672.245,,,,804846976
1999-04-01,677.022,,,,620969920
1999-04-02,691.9,,,,620969920
1999-04-05,692.196,,,,715670592
1999-04-06,691.16,,,,856298176
1999-04-07,692.192,,,,987765312
1999-04-08,701.676,,,,850240896
1999-04-09,704.316,,,,690384576
1999-04-12,706.18,,,,821675584
1999-04-13,700.612,,,,788572416
1999-04-14,685.203,,,,923706816
1999-04-15,676.899,,,,1000709184
1999-04-16,670.114,,,,822507712
1999-04-19,642.592,,,,1074829184
1999-04-20,657.551,,,,1000291328
1999-04-21,680.264,,,,932767296
1999-04-22,692.784,,,,909337600
1999-04-23,693.467,,,,816034112
1999-04-26,699.594,,,,761940928
1999-04-27,696.205,,,,855941632
1999-04-28,682.933,,,,816963520
1999-04-29,674.568,,,,845693888
1999-04-30,672.893,,,,797510400
1999-05-03,678.814,,,,705594176
1999-05-04,666.97,,,,789226624
1999-05-05,674.995,,,,851204416
1999-05-06,665.119,,,,798126912
1999-05-07,670.502,,,,696793216
1999-05-10,670.164,,,,664379776
1999-05-11,681.015,,,,746566784
1999-05-12,687.654,,,,767726912
1999-05-13,686.174,,,,775473408
1999-05-14,670.175,,,,755325696
1999-05-17,674.753,,,,627555008
1999-05-18,672.482,,,,703336384
1999-05-19,678.532,,,,768514432
1999-05-20,674.378,,,,724818688
1999-05-21,667.19,,,,652889216
1999-05-24,653.193,,,,692946304
1999-05-25,639.972,,,,804355200
1999-05-26,648.795,,,,888634880
1999-05-27,641.317,,,,760283584
1999-05-28,651.87,,,,567887424
1999-05-31,646.93,,,,567887424
1999-06-01,646.46,,,,612136896
1999-06-02,648.971,,,,708406912
1999-06-03,650.739,,,,663960576
1999-06-04,670.194,,,,692956672
1999-06-07,671.374,,,,662745920
1999-06-08,660.264,,,,634926784
1999-06-09,662.311,,,,621979328
1999-06-10,651.851,,,,673172480
1999-06-11,646.31,,,,637599232
1999-06-14,641.288,,,,649908608
1999-06-15,645.798,,,,670031296
1999-06-16,663.828,,,,863860480
1999-06-17,670.29,,,,738935616
1999-06-18,670.802,,,,889229376
1999-06-21,676.392,,,,691449216
1999-06-22,670.095,,,,721675776
1999-06-23,670.946,,,,721010112
1999-06-24,662.905,,,,668254592
1999-06-25,661.61,,,,542591616
1999-06-28,671.075,,,,595375872
1999-06-29,683.301,,,,767664320
1999-06-30,696.947,,,,1011687488
1999-07-01,702.022,,,,845870528
1999-07-02,709.059,,,,569180288
1999-07-05,706.98,,,,569180288
1999-07-06,707.178,,,,767073600
1999-07-07,710.247,,,,801773888
1999-07-08,712.649,,,,834829120
1999-07-09,717.478,,,,654922496
1999-07-12,715.385,,,,677338624
1999-07-13,713.535,,,,717365632
1999-07-14,719.576,,,,762035072
1999-07-15,726.963,,,,799149312
1999-07-16,731.598,,,,758472000
1999-07-19,723.716,,,,675575616
1999-07-20,702.106,,,,801135808
1999-07-21,705.432,,,,772454592
1999-07-22,691.102,,,,850790272
1999-07-23,690.501,,,,658306176
1999-07-26,680.604,,,,621789568
1999-07-27,691.214,,,,759493824
1999-07-28,693.966,,,,719037824
1999-07-29,679.665,,,,747125696
1999-07-30,674.474,,,,670706880
1999-08-02,672.392,,,,605199424
1999-08-03,668.299,,,,806824704
1999-08-04,656.664,,,,785868032
1999-08-05,660.954,,,,976408704
1999-08-06,654.156,,,,705836928
1999-08-09,649.648,,,,650193024
1999-08-10,642.592,,,,887295104
1999-08-11,655.413,,,,794942080
1999-08-12,654.532,,,,761919296
1999-08-13,672.267,,,,752639616
1999-08-16,675.669,,,,617991104
1999-08-17,681.244,,,,738479488
1999-08-18,674.869,,,,815936896
1999-08-19,669.612,,,,664342976
1999-08-20,679.034,,,,593117696
1999-08-23,695.051,,,,710438016
1999-08-24,698.032,,,,808245888
1999-08-25,713.026,,,,817894400
1999-08-26,703.012,,,,787815104
1999-08-27,696.338,,,,562897920
1999-08-30,685.959,,,,566680512
1999-08-31,685.197,,,,852527808
1999-09-01,690.51,,,,718979328
1999-09-02,686.295,,,,692438784
1999-09-03,708.088,,,,756543424
1999-09-06,705.69,,,,756543424
1999-09-07,705.981,,,,735600128
1999-09-08,701.964,,,,768630976
1999-09-09,705.436,,,,758702784
1999-09-10,709.77,,,,843157504
1999-09-13,702.99,,,,691396672
1999-09-14,701.623,,,,756082880
1999-09-15,690.392,,,,854173888
1999-09-16,691.017,,,,797961024
1999-09-17,701.29,,,,892561792
1999-09-20,704.494,,,,616926400
1999-09-21,689.258,,,,817480896
1999-09-22,691.885,,,,841264768
1999-09-23,671.335,,,,934040384
1999-09-24,670.708,,,,961708992
1999-09-27,674.965,,,,757778816
1999-09-28,674.104,,,,850373632
1999-09-29,664.401,,,,931319104
1999-09-30,670.247,,,,1013910208
1999-10-01,672.64,,,,851115520
1999-10-04,684.553,,,,785432000
1999-10-05,686.624,,,,1040114176
1999-10-06,700.954,,,,919396928
1999-10-07,697.658,,,,916481792
1999-10-08,707.106,,,,909050816
1999-10-11,709.5,,,,674835904
1999-10-12,696.169,,,,802692672
1999-10-13,678.708,,,,879436224
1999-10-14,677.603,,,,897758912
1999-10-15,658.872,,,,946280512
1999-10-18,657.999,,,,920000192
1999-10-19,664.497,,,,972011776
1999-10-20,680.634,,,,928619776
1999-10-21,679.941,,,,1018611968
1999-10-22,684.995,,,,923830272
1999-10-25,683.117,,,,734413504
1999-10-26,676.37,,,,802309376
1999-10-27,679.38,,,,827145024
1999-10-28,703.306,,,,1042611968
1999-10-29,720.677,,,,1095496192
1999-11-01,716.263,,,,815794880
1999-11-02,712.838,,,,898020608
1999-11-03,721.042,,,,930212800
1999-11-04,727.536,,,,1004529280
1999-11-05,734.879,,,,1058805184
1999-11-08,738.291,,,,965129280
1999-11-09,732.473,,,,918143424
1999-11-10,739.263,,,,940569728
1999-11-11,746.48,,,,891809408
1999-11-12,752.617,,,,954248320
1999-11-15,749.697,,,,828852224
1999-11-16,764.414,,,,961770176
1999-11-17,760.028,,,,1009342720
1999-11-18,773.764,,,,1058255616
1999-11-19,775.267,,,,926977408
1999-11-22,779.389,,,,892552576
1999-11-23,771.013,,,,984412992
1999-11-24,781.614,,,,823311872
1999-11-25,781.35,,,,823311872
1999-11-26,781.661,,,,337463296
1999-11-29,776.562,,,,838724480
1999-11-30,759.182,,,,946616576
1999-12-01,765.772,,,,909728576
1999-12-02,778.795,,,,935586624
1999-12-03,791.415,,,,1041775232
1999-12-06,790.019,,,,858361600
1999-12-07,784.613,,,,1073527808
1999-12-08,784.184,,,,982887296
1999-12-09,786.133,,,,1111868160
1999-12-10,792.747,,,,951478784
1999-12-13,794.291,,,,940887104
1999-12-14,783.079,,,,1071508672
1999-12-15,790.388,,,,1141750272
1999-12-16,799.669,,,,1041517824
1999-12-17,802.499,,,,1306457856
1999-12-20,803.379,,,,870505920
1999-12-21,814.595,,,,937164928
1999-12-22,819.029,,,,883702976
1999-12-23,830.947,,,,749006208
1999-12-24,833.62,,,,749006208
1999-12-27,833.806,,,,697244480
1999-12-28,830.779,,,,604400192
1999-12-29,836.456,,,,506933696
1999-12-30,836.256,,,,521598592
1999-12-31,837.618,,,,363298304
2000-01-03,839.04,,,,1064660416
2000-01-04,799.93,,,,1104912000
2000-01-05,798.684,,,,1372132608
2000-01-06,780.35,,,,1193475072
2000-01-07,816.729,,,,1361455744
2000-01-10,836.965,,,,1253772800
2000-01-11,821.812,,,,1228882560
2000-01-12,814.784,,,,1128596480
2000-01-13,828.798,,,,1049131520
2000-01-14,840.067,,,,1199122816
2000-01-17,840.067,,,,1199122816
2000-01-18,838.026,,,,1087046400
2000-01-19,843.166,,,,1094539264
2000-01-20,840.933,,,,1240621312
2000-01-21,838.129,,,,1283897472
2000-01-24,810.995,,,,1188696576
2000-01-25,820.162,,,,1180939392
2000-01-26,809.818,,,,1187155840
2000-01-27,806.422,,,,1306466944
2000-01-28,783.725,,,,1246600960
2000-01-31,798.101,,,,1153567104
2000-02-01,814.099,,,,1071697728
2000-02-02,815.236,,,,1101442688
2000-02-03,831.87,,,,1171006848
2000-02-04,834.823,,,,1057423808
2000-02-07,839.102,,,,900842688
2000-02-08,853.718,,,,1167256064
2000-02-09,836.876,,,,1054779712
2000-02-10,846.618,,,,1055522624
2000-02-11,826.972,,,,1023118080
2000-02-14,829.308,,,,906535872
2000-02-15,834.282,,,,1107658752
2000-02-16,825.434,,,,1085213440
2000-02-17,830.515,,,,1122841984
2000-02-18,806.983,,,,1130695424
2000-02-21,806.983,,,,1130695424
2000-02-22,810.117,,,,1059702720
2000-02-23,828.523,,,,1186153344
2000-02-24,833.145,,,,1339096448
2000-02-25,819.929,,,,1137963776
2000-02-28,823.449,,,,1145813120
2000-02-29,836.783,,,,1208194944
2000-03-01,843.538,,,,1374307968
2000-03-02,842.337,,,,1307496576
2000-03-03,865.698,,,,1237592192
2000-03-06,857.401,,,,1119020288
2000-03-07,829.692,,,,1374940672
2000-03-08,838.892,,,,1258975488
2000-03-09,866.234,,,,1249745408
2000-03-10,862.408,,,,1258076544
2000-03-13,848.619,,,,1129764352
2000-03-14,826.472,,,,1276369152
2000-03-15,835.826,,,,1402196736
2000-03-16,874.825,,,,1553314944
2000-03-17,884.975,,,,1304061568
2000-03-20,874.143,,,,1003088000
2000-03-21,898.994,,,,1176659840
2000-03-22,911.921,,,,1230132608
2000-03-23,926.342,,,,1225402368
2000-03-24,925.853,,,,1169824896
2000-03-27,925.673,,,,972055168
2000-03-28,910.182,,,,1005113920
2000-03-29,902.345,,,,1221288960
2000-03-30,883.852,,,,1454864128
2000-03-31,896.104,,,,1455450240
2000-04-03,881.646,,,,1368304512
2000-04-04,876.588,,,,2154417408
2000-04-05,874.422,,,,1347533824
2000-04-06,883.661,,,,1214145536
2000-04-07,904.996,,,,1047499200
2000-04-10,884.114,,,,1052211584
2000-04-11,874.037,,,,1234503552
2000-04-12,841.967,,,,1503746944
2000-04-13,822.486,,,,1435606784
2000-04-14,769.236,,,,1825843840
2000-04-17,811.716,,,,1745821056
2000-04-18,840.635,,,,1493481088
2000-04-19,829.258,,,,1257619584
2000-04-20,828.472,,,,1062187392
2000-04-21,828.472,,,,1062187392
2000-04-24,818.814,,,,1273915648
2000-04-25,851.719,,,,1311502464
2000-04-26,841.261,,,,1274469760
2000-04-27,853.751,,,,1249686400
2000-04-28,853.188,,,,1123373952
2000-05-01,861.19,,,,1057676480
2000-05-02,842.707,,,,1034340672
2000-05-03,824.955,,,,1186446080
2000-05-04,822.606,,,,1040697728
2000-05-05,839.458,,,,905526784
2000-05-08,826.353,,,,923522688
2000-05-09,815.771,,,,1183600256
2000-05-10,789.376,,,,1312116480
2000-05-11,806.971,790.19,807.78,790.19,1144534016
2000-05-12,813.551,806.13,822.16,806.13,949159104
2000-05-15,831.468,813.67,831.9,805.26,933177280
2000-05-16,845.301,831.9,847.33,831.9,1146660352
2000-05-17,833.435,845.25,845.25,828.38,995445632
2000-05-18,821.022,832.78,837.14,820.17,966255296
2000-05-19,799.28,820.19,820.19,795.6,1089026176
2000-05-22,793.358,799.4,799.62,767.34,1257887744
2000-05-23,769.616,792.98,795.84,768.88,1056092032
2000-05-24,787.605,769.1,788.55,753.88,1702934656
2000-05-25,779.664,786.87,800.98,775.65,1257871232
2000-05-26,777.938,779.94,786.37,771.06,831453824
2000-05-29,777.938,779.94,786.37,771.06,831453824
2000-05-30,814.245,777.49,813.86,777.49,1121548160
2000-05-31,809.838,813.86,822.08,807.72,1221528064
2000-06-01,831.589,809.6,831.39,809.6,1181443840
2000-06-02,857.082,831.41,859.35,831.41,1365330560
2000-06-05,852.229,853.3,857.67,850.18,1023384320
2000-06-06,842.309,852.17,856.46,841.68,1116889856
2000-06-07,853.748,841.74,854.89,838.49,1025659520
2000-06-08,848.523,853.36,857.39,844.6,1056221888
2000-06-09,848.356,848.29,856.39,846.3,877598080
2000-06-12,835.378,848.09,850.68,835.13,915382528
2000-06-13,854.399,835.14,853.8,830.76,1069090304
2000-06-14,850.471,853.79,862.67,848.83,1076889728
2000-06-15,863.844,850.37,865.44,850.19,1152915584
2000-06-16,861.629,863.64,867.47,858.05,1342205312
2000-06-19,879.165,861.4,880.5,856.86,1107203200
2000-06-20,876,879.52,883.96,870.97,1197867264
2000-06-21,878.371,875.36,880.91,869.4,1072233216
2000-06-22,857.981,879.26,879.26,855.86,1165350144
2000-06-23,847.144,857.22,861.91,844.86,1038369280
2000-06-26,857.153,846.74,859.77,846.74,1032480320
2000-06-27,851.368,857.18,861.84,851.18,1079422592
2000-06-28,859.974,851.18,867.55,851.18,1162658944
2000-06-29,850.399,859.42,859.42,844.89,1169130880
2000-06-30,870.883,850.42,871.77,848.32,1386138112
2000-07-03,874.685,871.72,874.53,864.84,435185984
2000-07-04,874.685,871.72,874.53,864.84,435185984
2000-07-05,849.22,874.48,874.36,846.97,1188818304
2000-07-06,861.314,848.4,862.43,842.04,1225223552
2000-07-07,877.523,861.27,883.65,861.27,1202531584
2000-07-10,874.461,877.52,882.82,872.43,1120791040
2000-07-11,873.927,874.43,884.4,867.77,1348154752
2000-07-12,889.001,873.18,891.59,873.19,1318294656
2000-07-13,896.485,889.09,902.64,889.09,1509829760
2000-07-14,909.842,896.37,910.64,895.33,1318065152
2000-07-17,919.343,910.64,923.36,907.95,1204158976
2000-07-18,899.949,919.26,919.26,899.78,1196047872
2000-07-19,886.512,900.28,900.28,883.25,1177332224
2000-07-20,901.348,885.29,903.43,885.29,1482369408
2000-07-21,886.593,901.43,901.43,885.07,1233100288
2000-07-24,871.798,886.05,892.68,869.42,1199321856
2000-07-25,874.571,870.21,879.05,866.26,1222658944
2000-07-26,863.069,875.98,875.98,856.67,1566003456
2000-07-27,849.326,862.76,863.28,847.94,1448231424
2000-07-28,822.075,848.62,854.55,816.86,1395918464
2000-07-31,834.337,821.58,836.16,816.83,1224913792
2000-08-01,830.179,833.01,837.13,828.16,1071527424
2000-08-02,826.197,830.37,841.41,824.59,1192807168
2000-08-03,839.005,826.42,838.58,809.59,1462999552
2000-08-04,843.762,838.43,849.7,835.87,1146124672
2000-08-07,856.004,842.74,857.09,842.48,1063510784
2000-08-08,859.374,855.54,861.99,852.22,1175254144
2000-08-09,854.779,858.79,869.94,852.93,1303003264
2000-08-10,840.39,853.93,853.93,839.95,1140432640
2000-08-11,846.725,840.04,847.52,828.58,1065969024
2000-08-14,860.617,846.18,860.42,843.22,1003310720
2000-08-15,859.393,860.39,865.04,855.79,1148432000
2000-08-16,860.481,858.55,868.44,855.14,1204023808
2000-08-17,874.043,858.49,875.16,857.95,1164841856
2000-08-18,872.587,873.53,880.48,870.37,1144708352
2000-08-21,875.756,872.35,882.88,870.84,988324480
2000-08-22,875.695,877.53,885.47,875.9,1101884160
2000-08-23,888.764,876.09,888.6,868.57,1103926144
2000-08-24,895.612,888.41,896.21,887.68,1113738240
2000-08-25,894.187,895.5,899.8,891.29,909451712
2000-08-28,899.364,893.75,904.83,893.75,1003440000
2000-08-29,899.252,898.89,902.74,894.85,1073963392
2000-08-30,896.061,899.45,899.9,893.23,1129502464
2000-08-31,909.562,896.03,912.21,896.03,1454999424
2000-09-01,913.394,909.44,919.45,907.52,1041843904
2000-09-04,913.394,909.44,919.45,907.52,1041843904
2000-09-05,894.352,912.82,912.82,893.47,1207874688
2000-09-06,873.436,894.58,894.58,873.22,1406668288
2000-09-07,888.969,873.42,891.35,873.42,1272246400
2000-09-08,872.499,888.7,888.7,872.4,1209342592
2000-09-11,860.748,872.63,878.56,857.03,1180520960
2000-09-12,853.668,860.44,870.27,850.6,1257115392
2000-09-13,860.014,853.41,861.4,844.65,1435573760
2000-09-14,862.587,860.08,873.62,858.48,1392302336
2000-09-15,848.67,861.89,861.89,843.39,1563724416
2000-09-18,835.983,849.05,856.49,832.21,1303355136
2000-09-19,856.02,835.03,855.95,835.03,1351948032
2000-09-20,858.638,855.57,861.92,839.45,1505628416
2000-09-21,845.881,858.94,859.03,847.48,1315134848
2000-09-22,849.541,854.78,854.78,822.04,1901707264
2000-09-25,837.531,848.25,858.52,835.32,1435622016
2000-09-26,827.274,837.6,845.51,825.03,1537211648
2000-09-27,825.536,827.39,836.73,817.88,1645093760
2000-09-28,842.418,824.74,846.06,821.37,1612412544
2000-09-29,823.271,844.39,844.39,822.12,1491148928
2000-10-02,812.415,822.63,831.11,808.51,1502792448
2000-10-03,796.646,812.06,824.56,796.15,1587063552
2000-10-04,809.551,796.7,813.15,783.56,1824028800
2000-10-05,806.501,809.95,814.87,802.78,1666013056
2000-10-06,788.796,806.24,812.31,778.49,1556860928
2000-10-09,784.418,788.63,790.92,769.13,1171734400
2000-10-10,768.765,784.57,788.44,765.64,1615466368
2000-10-11,750.794,768.55,768.55,738.16,2102962304
2000-10-12,728.857,750.73,763.35,727.92,1924614144
2000-10-13,770.654,729.27,770.56,726.31,1831414016
2000-10-16,771.293,770.56,778.85,764.37,1545192192
2000-10-17,754.291,771.13,778.13,747.77,1732751232
2000-10-18,745.213,754.18,758.68,718.72,2290740224
2000-10-19,785.487,745.12,785.81,745.12,2049631104
2000-10-20,792.981,783.53,804.21,782.55,1794082688
2000-10-23,791.924,792.99,801.06,784.11,1478568448
2000-10-24,782.461,791.81,800.91,776.33,1598012032
2000-10-25,751.232,782.36,782.36,748.05,2018428928
2000-10-26,756.236,751.15,760.38,725.56,2101416832
2000-10-27,759.279,756.14,769.84,748.38,1742081664
2000-10-30,751.343,758.26,759.13,740.53,1544285952
2000-10-31,784.205,751.24,785.92,751.24,1843351424
2000-11-01,780.374,784.07,790.56,772.78,1834871040
2000-11-02,794.911,780.2,796.25,780.2,1917404544
2000-11-03,795.535,794.8,799.91,787.96,1513796608
2000-11-06,795.739,795.43,803.45,793.97,1337458816
2000-11-07,795.51,795.63,799.53,785.62,1405811072
2000-11-08,766.524,795.35,800.35,766.27,1508833920
2000-11-09,757.422,766.42,766.42,733.84,1775978624
2000-11-10,726.226,757.31,757.33,726.18,1610164608
2000-11-13,712.713,726.18,727.65,693.27,1881799552
2000-11-14,745.947,712.61,750.12,712.61,1620685952
2000-11-15,754.04,745.84,759.9,741.2,1527014528
2000-11-16,733.069,753.93,755.98,732.97,1278239360
2000-11-17,732.061,732.97,745.57,720.71,1567087744
2000-11-20,708.209,731.97,731.97,706,1538999296
2000-11-21,708.443,708.01,716.52,702.7,1579927040
2000-11-22,687.7,708.3,708.3,687.56,1646853504
2000-11-23,687.7,708.3,708.3,687.56,1646853504
2000-11-24,711.331,687.6,711.02,687.6,676509184
2000-11-27,713.431,711.02,729.3,711.02,1431366528
2000-11-28,692.072,713.26,717.53,691.73,1650235264
2000-11-29,691.579,692,701.81,680.85,1830429056
2000-11-30,668.344,691.49,691.49,656.03,2502224384
2000-12-01,672.965,668.26,690.4,665.73,1984277120
2000-12-04,674.903,672.87,682.84,663.19,1665535232
2000-12-05,723.617,674.81,723.52,674.81,2154436096
2000-12-06,706.47,723.52,725.85,702.74,2064501376
2000-12-07,698.63,706.38,706.38,692.72,1593020416
2000-12-08,727.277,698.54,733.75,698.54,2016463744
2000-12-11,740.948,727.15,746.77,724.11,2079874176
2000-12-12,726.62,740.81,740.81,725.67,1661931136
2000-12-13,710.801,726.54,738.04,709.01,1812053120
2000-12-14,697.186,710.71,714.77,696.97,1530604544
2000-12-15,677.126,697.09,697.09,666.89,2649935104
2000-12-18,672.957,677.07,690.19,667.82,1758682240
2000-12-19,657.21,672.87,693.09,656.9,1978587392
2000-12-20,621.832,657.14,657.14,618.86,2432264704
2000-12-21,622.049,621.76,637.12,611.96,2284387840
2000-12-22,652.336,622.07,652.26,622.07,1803530496
2000-12-25,652.336,622.07,652.26,622.07,1803530496
2000-12-26,650.335,652.25,659.44,639.96,1174577536
2000-12-27,658.14,650.24,662.44,645.15,1559671168
2000-12-28,660.712,658.05,665.28,654.63,1527318144
2000-12-29,646.909,660.63,664.33,643.97,1697390720
2001-01-01,646.909,660.63,664.33,643.97,1697390720
2001-01-02,610.783,646.71,647.63,605.73,1776355072
2001-01-03,670.411,610.71,670.76,604.16,3037697280
2001-01-04,660.947,670.36,674.57,657.64,2703421952
2001-01-05,631.837,660.87,662.21,628.53,1978666496
2001-01-08,628.159,631.75,631.75,610.13,1696129024
2001-01-09,635.705,628.08,644,628.07,1829851008
2001-01-10,648.184,635.53,648.35,623.65,2248685824
2001-01-11,666.941,648.11,671.82,644.49,2479647232
2001-01-12,662.879,666.85,676.43,658.75,2143907584
2001-01-15,662.879,666.85,676.43,658.75,2143907584
2001-01-16,663.939,662.79,665.46,654.99,1565423744
2001-01-17,672.378,663.85,686.65,663.85,2240747008
2001-01-18,691.207,672.29,693.44,670.7,2270356992
2001-01-19,689.81,691.12,700.85,685.29,2488210432
2001-01-22,687.624,689.73,695.62,682.33,1814088960
2001-01-23,701.323,687.54,702.47,682.03,1985103872
2001-01-24,704.557,701.27,710.3,698.91,2231925760
2001-01-25,689.886,704.49,704.49,689.5,2004294016
2001-01-26,691.196,689.81,692.15,679.45,1919891456
2001-01-29,697.869,691.09,698.63,684.96,1672803072
2001-01-30,700.788,697.83,702.06,693.13,1666285952
2001-01-31,691.465,700.71,708.59,690.9,1992372864
2001-02-01,693.398,691.37,695.65,684.93,1569589376
2001-02-02,671.845,693.31,695.77,671.44,1522424064
2001-02-05,669.995,671.75,671.75,661.96,1499945344
2001-02-06,671.709,669.9,681.23,669.42,1602079104
2001-02-07,658.815,671.62,671.62,651.45,1949484032
2001-02-08,650.185,658.95,667.2,650.09,1655782656
2001-02-09,633.335,650.09,650.09,630.27,1708819840
2001-02-12,640.854,633.3,642.17,627.99,1603735936
2001-02-13,629.98,640.77,648.86,629.29,1587229952
2001-02-14,637.858,629.9,638.9,620.46,1844909440
2001-02-15,649.765,637.87,655.7,637.87,1935433088
2001-02-16,624.819,649.78,649.78,619.52,1869612928
2001-02-19,624.819,649.78,649.78,619.52,1869612928
2001-02-20,605.649,624.84,629.26,605.33,1756581632
2001-02-21,592.732,605.64,612.46,590.51,1930476160
2001-02-22,588.858,592.74,595.91,574.61,2374254080
2001-02-23,588.448,588.85,590.26,567.31,2113146496
2001-02-26,599.975,588.44,600.13,583.93,1752116864
2001-02-27,585.138,599.97,599.97,583.63,1744400256
2001-02-28,573.855,585.12,591.15,567.07,1999845888
2001-03-01,578.505,573.69,579.04,555.14,2196164608
2001-03-02,566.299,578.48,582.29,561.06,2298537728
2001-03-05,572.756,566.29,574.63,566.29,1383169024
2001-03-06,584.578,572.74,593.46,572.74,1876281472
2001-03-07,585.281,584.56,591.02,581.44,1662811264
2001-03-08,578.92,585.26,585.89,575.91,1680881664
2001-03-09,555.466,578.9,578.9,552.54,1905538688
2001-03-12,522.64,555.45,555.45,520.75,2089195392
2001-03-13,540.396,522.63,540.54,522.63,2015806976
2001-03-14,528.56,540.33,541.42,521.63,2107766144
2001-03-15,525.779,528.55,540.17,525.2,1882193280
2001-03-16,511.462,525.8,525.8,509.26,2138827904
2001-03-19,525.181,511.45,526.12,508.26,1690635264
2001-03-20,507.243,525.18,532.41,506.95,1945112704
2001-03-21,500.095,507.23,516,497.68,2042690048
2001-03-22,507.961,500.08,509.48,485.13,2533174528
2001-03-23,519.704,507.95,521.8,507.95,2261813504
2001-03-26,521.265,519.68,528.67,518.3,1666660224
2001-03-27,536.628,521.25,536.95,519.96,1916792320
2001-03-28,514.382,536.61,536.61,512.67,2032550144
2001-03-29,507.129,514.36,519.45,500.69,2020634112
2001-03-30,511.1,507.12,514.26,501.3,1905666944
2001-04-02,497.443,511.09,512.53,492.99,1790557824
2001-04-03,473.494,497.49,497.49,470.69,2468715264
2001-04-04,470.222,473.5,482.98,465.01,2378585344
2001-04-05,503.572,470.23,503.88,470.23,2253449984
2001-04-06,490.171,503.6,503.6,485.2,1919035520
2001-04-09,494.189,490.26,498.82,486.29,1463908992
2001-04-10,513.982,494.27,517.94,494.27,2141242880
2001-04-11,518.62,514,529.75,514,2331199744
2001-04-12,531.94,518.72,532.05,512.03,1832275456
2001-04-13,531.94,518.72,532.05,512.03,1832275456
2001-04-16,524.513,532.05,532.05,518.41,1507413248
2001-04-17,532.196,524.61,534.68,517.52,1887556224
2001-04-18,565.646,532.3,574.85,532.3,3102415616
2001-04-19,583.746,565.76,583.89,564.72,2564979200
2001-04-20,580.476,583.85,585.61,573.31,2368807424
2001-04-23,561.8,580.59,580.59,558.5,1668053504
2001-04-24,549.835,561.9,568.17,549.62,1857288448
2001-04-25,561.038,549.88,563.91,547.58,1796601344
2001-04-26,560.614,561.14,571.04,559.02,1880227584
2001-04-27,571.771,560.65,571.92,560.65,1649047552
2001-04-30,575.611,571.89,586.48,571.79,1857484672
2001-05-01,586.795,575.72,586.93,570.09,1742465536
2001-05-02,593.292,586.91,596.19,585.33,2320228608
2001-05-03,576.808,593.43,593.43,572.93,1790285952
2001-05-04,587.8,576.92,588.38,565.09,1885311360
2001-05-07,584.538,587.9,591.91,582.85,1518170496
2001-05-08,587.227,584.69,590.4,580.08,1658408192
2001-05-09,580.125,587.31,587.31,576.3,1597829632
2001-05-10,576.736,580.21,588.6,576.76,1496050560
2001-05-11,571.33,576.82,579.75,568.9,1236380160
2001-05-14,568.587,571.4,571.4,563.44,1146331648
2001-05-15,567.667,568.66,575.08,565.99,1546279552
2001-05-16,589.019,567.73,589.77,563.32,1907628032
2001-05-17,594.661,589.1,600.14,589.1,1954010368
2001-05-18,596.05,594.7,596.73,589.44,1526007040
2001-05-21,616.141,596.13,616.26,595.39,2008540160
2001-05-22,613.83,616.23,618.89,611.22,1978693504
2001-05-23,598.358,613.92,613.92,598.33,1620236416
2001-05-24,602.418,598.44,602.48,592.54,1532442368
2001-05-25,593.027,602.48,602.48,592.09,1109922048
2001-05-28,593.027,602.48,602.48,592.09,1109922048
2001-05-29,579.614,593.1,593.1,578.7,1401297920
2001-05-30,562.767,579.69,579.69,561.2,1835529728
2001-05-31,566.834,562.84,572.62,562.84,1628716032
2001-06-01,573.204,566.8,576.2,564.69,1372228096
2001-06-04,575.107,573.28,577.47,570.02,1071984768
2001-06-05,589.278,575.18,591.66,575.18,1582635904
2001-06-06,583.635,589.35,591.77,582.67,1536739968
2001-06-07,593.039,583.73,593.13,581.45,1483200512
2001-06-08,583.178,593.13,593.13,581.23,1159463552
2001-06-11,573.901,583.26,583.26,570.27,1190359552
2001-06-12,574.75,573.97,578.69,559.92,1568721792
2001-06-13,563.823,574.84,576.86,563.83,1379143040
2001-06-14,550.423,563.91,563.91,550.17,1734263936
2001-06-15,545.765,550.5,550.5,538.54,2150538496
2001-06-18,540.717,545.83,550,540.63,1510095872
2001-06-19,541.616,540.77,554.15,538.62,1901806080
2001-06-20,550.227,541.69,550.71,539.29,2030697984
2001-06-21,556.217,550.3,560.53,547.64,2150544896
2001-06-22,548.965,556.21,556.82,546.91,1644903168
2001-06-25,548.064,549.04,554.88,544.23,1413723392
2001-06-26,547.22,548.08,549.41,540.52,1566702336
2001-06-27,544.886,547.28,549.38,541.66,1586176640
2001-06-28,554.909,544.93,561.8,544.93,1833148544
2001-06-29,553.589,554.97,565.69,552.45,1955819520
2001-07-02,559.351,553.61,562.68,553.61,1367368960
2001-07-03,558.318,559.38,559.4,555.99,801132416
2001-07-04,558.318,559.38,559.4,555.99,801132416
2001-07-05,546.924,558.23,558.23,546.88,1171267456
2001-07-06,530.516,546.95,546.95,529.71,1431175552
2001-07-09,535.093,530.53,537.01,530.47,1406181760
2001-07-10,524.485,535.04,538.03,523.74,1622453888
2001-07-11,522.973,524.43,526.42,517.53,1791182592
2001-07-12,539.725,522.93,540.75,522.93,1905544960
2001-07-13,543.798,539.67,545.89,536.76,1482654976
2001-07-16,534.604,543.72,545.17,533.08,1466386816
2001-07-17,540.891,534.52,541.46,530.27,1703027328
2001-07-18,535.441,540.76,540.76,531.7,1777072256
2001-07-19,539.933,535.32,546.12,535.28,1886529408
2001-07-20,539.221,539.85,540.57,535.6,1585312768
2001-07-23,528.683,539.14,542.28,528.23,1252249728
2001-07-24,520.857,528.6,528.6,517,1552790272
2001-07-25,528.307,520.79,528.26,519.81,1662600448
2001-07-26,534.709,528.23,535.34,523.66,1671126144
2001-07-27,537.159,534.63,538.96,532.35,1444826624
2001-07-30,535.807,537.04,539.3,533.78,1181300736
2001-07-31,539.434,535.73,545.58,535.73,1448990720
2001-08-01,542.387,539.35,545.2,539.35,1624606080
2001-08-02,545.224,542.31,548.46,541.26,1549075968
2001-08-03,542.387,545.14,545.14,537.49,1118570240
2001-08-06,535.205,542.3,542.3,533.63,1000228096
2001-08-07,536.06,535.13,537.69,531.68,1218070784
2001-08-08,524.166,536,537.32,522.77,1617613568
2001-08-09,524.415,524.1,525.52,519.56,1402725888
2001-08-10,525.859,524.34,527.92,516.43,1290371072
2001-08-13,527.864,525.8,528.69,523.82,1103947264
2001-08-14,524.302,527.81,531.53,523.41,1158299648
2001-08-15,518.872,524.24,526.31,518.77,1404030848
2001-08-16,519.9,518.81,520.02,511.11,1527264640
2001-08-17,509.27,519.89,519.89,506.36,1260072576
2001-08-20,513.48,509.21,513.67,508.1,1100271360
2001-08-21,504.666,513.42,516.85,504.31,1298080512
2001-08-22,509.744,504.63,510.71,501.84,1512557056
2001-08-23,508.286,509.69,512.46,507.73,1415187200
2001-08-24,522.145,508.23,522.26,508.23,1427648000
2001-08-27,520.71,522.1,524.72,518.72,1102115840
2001-08-28,510.642,520.64,520.65,510.38,1319350784
2001-08-29,504.144,510.57,513.57,502.98,1404740480
2001-08-30,492.524,504.1,504.15,490,1762476160
2001-08-31,494.971,492.47,498.83,490.93,1209946240
2001-09-03,494.971,492.47,498.83,490.93,1209946240
2001-09-04,492.728,494.91,505.37,492.33,1514732544
2001-09-05,492.354,492.67,494.96,483.05,1946260480
2001-09-06,479.295,492.31,492.31,478.9,1929721728
2001-09-07,469.835,479.24,480.07,467.88,1806953856
2001-09-10,473.901,469.75,476.12,464.55,1615443328
2001-09-11,473.901,469.75,476.12,464.55,3977200
2001-09-12,473.901,469.75,476.12,464.55,3977200
2001-09-13,473.901,469.75,476.12,464.55,3977200
2001-09-14,473.901,469.75,476.12,464.55,3977200
2001-09-17,449.235,473.85,473.85,448.65,2491515904
2001-09-18,443.406,449.05,452.47,441.55,2013338240
2001-09-19,435.66,443.36,446.65,419.1,2626349056
2001-09-20,422.2,435.61,435.61,421.97,2285022976
2001-09-21,413.622,422.07,422.24,403.25,2862699008
2001-09-24,432.532,413.57,435.19,413.57,2143471104
2001-09-25,435.724,432.49,440.12,429.35,2187229952
2001-09-26,432.255,435.68,438.88,429.98,1835475840
2001-09-27,435.993,432.18,436.61,426.3,2048855552
2001-09-28,445.201,435.94,445.24,435.94,2049634432
2001-10-01,444.514,445.22,445.43,439.21,1508628864
2001-10-02,448.798,444.46,448.76,441.38,1698550656
2001-10-03,462.289,448.76,464.44,443.62,2643262464
2001-10-04,462.065,462.24,471.02,461.25,2500912896
2001-10-05,465.269,462.03,465.84,453.39,1816285056
2001-10-08,462.358,465.22,465.96,458.52,1404122240
2001-10-09,457.765,462.31,462.83,456.36,1404676864
2001-10-10,470.497,457.73,470.6,455.53,1669692416
2001-10-11,481.527,470.44,481.87,470.44,2446032896
2001-10-12,480.693,481.83,482.13,469.55,2141212928
2001-10-15,479.823,480.64,480.64,473.51,1481047040
2001-10-16,483.371,479.77,485.43,477.49,1698639872
2001-10-17,470.641,483.3,487.32,470.35,2206670080
2001-10-18,469.029,470.6,472.59,466.25,1715405440
2001-10-19,473.096,468.97,473.93,464.42,1630034048
2001-10-22,481.454,473.05,481.4,471.4,1472119936
2001-10-23,479.301,481.4,487.1,477.22,1762350336
2001-10-24,481.8,479.25,484.14,478.02,1854136704
2001-10-25,490.072,481.74,490.03,471.24,2156050688
2001-10-26,490.667,490.02,493.89,486.64,1823890048
2001-10-29,476.317,490.61,490.61,476.25,1581117440
2001-10-30,467.248,476.25,476.25,464.2,1799949952
2001-10-31,468.37,467.19,475.63,466.7,1841278464
2001-11-01,480.807,468.36,481.7,466.4,1753959168
2001-11-02,481.669,480.75,483.65,477.2,1587398272
2001-11-05,490.254,481.61,492.18,481.61,1737966336
2001-11-06,499.438,490.2,499.75,487.26,1956993408
2001-11-07,498.075,499.38,504.2,496.83,2053644544
2001-11-08,498.835,498.02,508.79,496.97,2274157312
2001-11-09,499.382,498.76,500.7,494.81,1485557760
2001-11-12,499.786,499.32,501.77,489.03,1510783744
2001-11-13,510.868,499.73,510.96,499.71,2025232640
2001-11-14,512.562,510.81,516.33,507.46,2004933376
2001-11-15,513.085,512.5,516.4,509.42,1854210688
2001-11-16,510.773,513.03,513.57,506.41,1632905856
2001-11-19,517.855,510.71,517.82,510.71,1709649536
2001-11-20,511.192,517.82,517.82,510.76,1771493248
2001-11-21,509.65,511.13,511.55,504.57,1478751360
2001-11-22,509.65,511.13,511.55,504.57,1478751360
2001-11-23,515.296,509.6,515.67,508.98,514999808
2001-11-26,520.968,515.3,521.09,514.89,1591327616
2001-11-27,518.074,520.91,525.13,512.4,2010710016
2001-11-28,507.416,518.01,518.01,507.19,1998823040
2001-11-29,513.763,507.36,513.82,506.24,1939971456
2001-11-30,513.033,513.7,515.35,511.51,1764191360
2001-12-03,507.327,512.98,512.98,505.87,1533218048
2001-12-04,515.4,507.27,515.34,507.27,1851209472
2001-12-05,528.939,515.34,530.54,515.34,2660958464
2001-12-06,527.267,528.88,530.42,526,2103146496
2001-12-07,521.063,527.21,527.21,518.15,1748856960
2001-12-10,512.039,521,522.45,511.71,1588982912
2001-12-11,511.277,511.95,518.68,509.66,1821131776
2001-12-12,511.502,511.24,514.44,504.75,1888030464
2001-12-13,502.047,511.44,511.44,501.74,2001862016
2001-12-14,505.337,501.98,508.29,494.2,1772749440
2001-12-17,511.406,505.27,513.61,504.87,1687381248
2001-12-18,515.085,511.34,517.47,511.34,1719229312
2001-12-19,516.464,515.01,519.11,510,1831889152
2001-12-20,509.24,516.4,516.4,509.16,1975387136
2001-12-21,513.827,509.16,514.53,510.28,2218897920
2001-12-24,512.498,513.75,514.54,512.41,495111200
2001-12-25,512.498,513.75,514.54,512.41,495111200
2001-12-26,514.521,512.43,519.8,512.43,970368000
2001-12-27,518.102,514.43,518.03,514.43,1044632896
2001-12-28,519.494,518.03,522.38,517.97,1090766976
2001-12-31,511.64,519.44,519.44,511.57,1167953920
2002-01-01,511.64,519.44,519.44,511.57,1167953920
2002-01-02,515.572,511.57,515.5,506.21,1456369152
2002-01-03,521.751,515.5,521.68,515.5,2076213120
2002-01-04,523.988,521.68,526.76,519.05,2107669120
2002-01-07,518.745,523.91,526.47,518.05,1841233664
2002-01-08,518.834,518.67,521.01,516.93,1680556672
2002-01-09,516.4,518.76,526.57,514.26,2128440448
2002-01-10,517.454,516.33,519.07,513.6,1659068160
2002-01-11,513.099,517.38,519.6,512.68,1482205952
2002-01-14,508.613,513.03,513.33,507.97,1583713152
2002-01-15,511.222,508.54,513.19,506.41,1647506944
2002-01-16,502.417,511.15,511.15,502.21,1812546432
2002-01-17,509.105,502.36,509.23,502.36,1736218880
2002-01-18,501.513,509.04,509.04,500.03,1632298240
2002-01-21,501.513,509.04,509.04,500.03,1632298240
2002-01-22,496.163,501.45,505.22,495.46,1684947328
2002-01-23,501.015,496.1,502.94,495.05,1835106048
2002-01-24,502.219,500.96,506.93,500.96,1883261952
2002-01-25,502.157,502.16,504.49,499.49,1646671744
2002-01-28,502.414,502.1,505.7,498.74,1421335936
2002-01-29,489.458,502.35,505.63,488.21,1890763776
2002-01-30,495.915,489.4,495.86,480.94,2122854144
2002-01-31,502.406,495.86,502.36,494.87,1767767680
2002-02-01,498.423,502.35,502.35,495.64,1624719360
2002-02-04,485.65,498.36,498.36,484.01,1716153984
2002-02-05,485.975,485.59,491.62,481.51,2062514944
2002-02-06,482.935,485.92,487.75,479.58,2004719616
2002-02-07,478.294,482.88,485.27,477.85,1887639296
2002-02-08,486.065,478.24,486.05,476.49,1766814464
2002-02-11,493.918,486.01,493.91,485.24,1471910144
2002-02-12,491.99,493.86,494.71,488.89,1405964032
2002-02-13,497.54,491.93,498.13,491.93,1471921024
2002-02-14,495.702,497.48,500.72,493.77,1612725888
2002-02-15,488.125,495.64,496.12,487.37,1705429504
2002-02-18,488.125,495.64,496.12,487.37,1705429504
2002-02-19,477.782,488.07,488.07,477.03,1690945408
2002-02-20,484.268,477.72,484.36,472.72,1902195200
2002-02-21,473.724,484.21,484.26,473.4,1789053696
2002-02-22,476.895,473.67,479.33,469.6,1871689216
2002-02-25,485.741,476.84,487.53,476.84,1667313280
2002-02-26,485.066,485.68,488.51,481.27,1690669056
2002-02-27,483.741,485.01,491.52,480.53,1860874752
2002-02-28,481.091,483.69,489.19,481,1887514240
2002-03-01,494.595,481.04,494.54,481.04,1932295936
2002-03-04,504.989,494.54,504.93,493.08,2291506176
2002-03-05,501.943,504.93,507.78,500.9,2087322752
2002-03-06,508.062,501.89,509.01,499.95,1933991936
2002-03-07,505.672,508.01,511.57,501.95,1918131456
2002-03-08,511.307,505.62,514.41,505.62,2028463744
2002-03-11,511.637,511.25,514.43,507.83,1672628480
2002-03-12,508.808,511.58,511.58,504.23,1624727424
2002-03-13,503.275,508.75,508.75,501.95,1601412224
2002-03-14,502.269,503.22,505.71,501.68,1407894400
2002-03-15,508.178,502.21,508.32,502.15,1736377600
2002-03-18,508.323,508.12,512.23,505.29,1403463936
2002-03-19,509.926,508.27,511.74,507.77,1442721152
2002-03-20,499.266,509.87,509.87,499.03,1492182272
2002-03-21,501.748,499.21,502.16,493.87,1538008960
2002-03-22,499.618,501.69,503.3,497.83,1441967360
2002-03-25,491.248,499.56,501.65,491.13,1286794880
2002-03-26,493.666,491.19,497.97,490.7,1479542144
2002-03-27,495.351,493.61,496.35,491.1,1361246976
2002-03-28,497.472,495.29,499.99,495.29,1364112640
2002-03-29,497.472,495.29,499.99,495.29,1364112640
2002-04-01,498.863,497.41,499.19,491.18,1331196288
2002-04-02,490.611,498.8,498.8,490.52,1562930816
2002-04-03,485.686,490.55,492.37,482.43,1519532800
2002-04-04,485.871,485.63,487.67,482.33,1623729664
2002-04-05,482.26,485.81,488.83,481.06,1371853952
2002-04-08,483.43,482.2,483.68,475.36,1495865856
2002-04-09,478.039,483.37,485.64,477.63,1547293824
2002-04-10,483.878,477.98,484.56,477.31,1843318912
2002-04-11,470.648,483.82,483.82,469.94,1735065600
2002-04-12,475.118,470.59,475.8,470.59,1480972416
2002-04-15,472.057,475.06,476.49,469.77,1319665280
2002-04-16,483.863,472,484.32,472,1638901760
2002-04-17,481.433,483.81,485.81,480.27,1723806848
2002-04-18,481.699,481.38,484.21,474.54,1631260800
2002-04-19,481.238,481.64,484.38,480.43,1484032640
2002-04-22,473.367,481.18,481.18,471.76,1358810112
2002-04-23,468.691,473.31,475.39,467.66,1599586944
2002-04-24,465.06,468.63,472.86,464.59,1639009152
2002-04-25,465.011,465.01,467.18,462.12,1789943808
2002-04-26,455.845,464.96,467.79,455.79,1671233664
2002-04-29,452.033,455.79,457.82,450.51,1536286848
2002-04-30,456.708,451.98,459.39,450.39,1799591424
2002-05-01,459.49,456.65,460.92,450.27,2005964544
2002-05-02,454.776,459.44,461.92,452.96,1893487360
2002-05-03,447.637,454.72,454.72,445.59,1764667136
2002-05-06,438.491,447.59,449.46,438.43,1593269248
2002-05-07,436.26,438.44,441.54,435.84,2030652160
2002-05-08,459.917,436.21,459.87,436.21,2286777600
2002-05-09,450.556,459.87,459.87,450.3,1622153088
2002-05-10,441.242,450.51,451.72,440.74,1611952640
2002-05-13,450.697,441.19,450.76,440.94,1485275264
2002-05-14,463.567,450.65,463.85,450.65,1945080832
2002-05-15,460.314,463.51,467.23,458.94,1969312000
2002-05-16,463.109,460.26,463.08,457.81,1508461824
2002-05-17,469.237,463.05,469.18,463.05,1540052864
2002-05-20,461.512,469.18,469.18,460.8,1191157376
2002-05-21,453.363,461.45,464.82,452.97,1453964160
2002-05-22,455.892,453.31,456.17,450.06,1474319872
2002-05-23,460.77,455.84,460.72,451.95,1454028160
2002-05-24,454.075,460.71,460.71,452.75,1030867712
2002-05-27,450.08,460.71,460.71,452.75,1030867712
2002-05-28,450.14,454.02,455.31,447.22,1134900224
2002-05-29,445.934,450.08,450.38,445.83,1206398464
2002-05-30,445.637,445.88,446.93,440.4,1464019456
2002-05-31,445.341,445.58,452.01,445.09,1457134848
2002-06-03,432.53,445.28,446.87,432.01,1503643136
2002-06-04,433.924,432.48,435.98,427.88,1779517440
2002-06-05,438.658,433.88,438.63,432.37,1533493248
2002-06-06,428.725,438.61,438.61,427.45,1551665152
2002-06-07,426.917,428.68,429.51,417.74,1940300032
2002-06-10,427.931,426.87,431.71,426.19,1356443008
2002-06-11,418.327,427.88,430.9,418.05,1629702912
2002-06-12,421.624,418.28,421.89,412.32,2172796672
2002-06-13,417.338,421.58,423.53,416.43,1590553984
2002-06-14,417.066,417.29,417.78,404.78,1885997312
2002-06-17,429.337,417.02,429.29,417.02,1563770368
2002-06-18,428.603,429.29,431.9,426.76,1506442112
2002-06-19,420.006,428.53,428.88,419.21,1655695360
2002-06-20,412.416,419.96,421.24,411.59,1715659392
2002-06-21,401.844,412.37,412.37,400.46,2094182528
2002-06-24,406.179,401.8,410.66,394.21,1997583360
2002-06-25,397.597,406.13,411.8,396.4,1840968960
2002-06-26,399.418,397.55,400.9,387.17,2368592896
2002-06-27,407.016,399.39,407.01,394.54,2218126848
2002-06-28,403.702,407.01,412.2,403.44,2087067520
2002-07-01,393.085,403.7,405.77,392.69,1521746688
2002-07-02,383.615,393.07,393.07,382.59,2035644544
2002-07-03,388.119,383.61,388.11,378.16,1714151424
2002-07-04,388.119,383.61,388.11,378.16,1714151424
2002-07-05,404.246,388.11,404.26,388.11,783377600
2002-07-08,397.543,404.24,406.27,395.89,1403332096
2002-07-09,385.838,397.53,398.35,385.32,1618718848
2002-07-10,372.959,385.83,388.23,372.92,1959490176
2002-07-11,377.747,372.95,378.29,364.39,2446324480
2002-07-12,377.632,377.74,383.02,373.1,1958908288
2002-07-15,377.086,377.62,377.62,359.57,2178237440
2002-07-16,371.522,377.08,397.88,369.98,2278958080
2002-07-17,376.16,371.52,383.24,370.03,2285058816
2002-07-18,364.71,376.16,376.16,364.29,1938907136
2002-07-19,351.364,364.71,364.71,348.35,2279877632
2002-07-22,341.753,351.36,355.44,339.81,2095813248
2002-07-23,334.875,341.75,345.75,334.32,2267657216
2002-07-24,355.158,334.87,355.42,326.57,2564336896
2002-07-25,350.717,355.16,358.24,342.47,2441073408
2002-07-26,357.056,350.71,357.05,349.62,1734722176
2002-07-29,376.984,357.05,376.98,357.05,1722287872
2002-07-30,379.041,376.98,382.31,371.4,1819718528
2002-07-31,381.292,379.04,381.3,371.47,1927310336
2002-08-01,369.373,380.79,380.79,368.38,1735942016
2002-08-02,360.804,369.37,369.37,356.52,1579636480
2002-08-05,348.635,360.8,360.8,348.15,1443766528
2002-08-06,359.39,348.63,365.56,348.63,1610103680
2002-08-07,368.001,359.39,368.59,357.86,1637074048
2002-08-08,379.295,368,379.46,365.79,1655192192
2002-08-09,379.722,379.29,382.24,372.85,1313678720
2002-08-12,377.93,379.72,379.72,373.18,1038797376
2002-08-13,369.08,377.93,381.6,368.8,1427065216
2002-08-14,385.25,369.08,385.4,365.91,1633847680
2002-08-15,390.223,385.26,391.47,384.69,1620422144
2002-08-16,390.305,390.23,393.11,384.17,1368068736
2002-08-19,399.519,390.32,399.66,389.79,1394196992
2002-08-20,394.459,399.53,399.53,392.18,1351934848
2002-08-21,399.768,394.47,400.84,392.27,1407118592
2002-08-22,405.503,399.78,406.41,398.44,1420431488
2002-08-23,395.63,405.52,405.52,394.49,1149728512
2002-08-26,397.684,395.64,398.75,390.1,1091707008
2002-08-27,389.585,397.7,400.26,387.83,1321627392
2002-08-28,382.953,389.6,389.6,381.29,1261688576
2002-08-29,383.712,382.97,386.78,376.98,1320719360
2002-08-30,382.111,383.73,387.44,380.53,1003902080
2002-09-02,382.111,383.73,387.44,380.53,1003902080
2002-09-03,366.702,382.13,382.13,366.56,1364480768
2002-09-04,373.868,366.72,375.03,366.17,1427441920
2002-09-05,367.106,373.88,373.88,364.22,1500861696
2002-09-06,373.984,367.12,376.5,367.12,1302088064
2002-09-09,378.142,374,380.22,370.07,1184906496
2002-09-10,381.739,378.16,382.22,377.7,1276038144
2002-09-11,381.516,381.75,388.11,381.25,984205632
2002-09-12,371.658,381.53,381.53,370.83,1176236288
2002-09-13,373.313,371.67,374.52,368.01,1227687552
2002-09-16,374.144,373.33,374.57,369.07,1046841664
2002-09-17,366.789,374.16,379.73,366.54,1469607168
2002-09-18,365.753,366.8,369.51,360.6,1602405888
2002-09-19,355.134,365.77,365.77,355.15,1598546432
2002-09-20,355.224,355.15,357.87,353.29,1938038144
2002-09-23,349.568,355.24,355.24,346.98,1440073088
2002-09-24,345.512,349.58,350.94,344.83,1715478656
2002-09-25,354.957,345.53,356.7,345.52,1736486400
2002-09-26,359.195,354.97,361.09,354.48,1715220096
2002-09-27,347.535,359.21,359.21,347.42,1529670528
2002-09-30,342.048,347.55,347.55,336.58,1754894720
2002-10-01,355.423,342.06,355.44,340.84,1812128384
2002-10-02,348.639,355.43,358.11,347.76,1796645376
2002-10-03,344.937,348.65,353.67,344.53,1799400960
2002-10-04,337.058,344.95,347.96,334.81,1848810112
2002-10-07,331.578,337.07,340.91,330.52,1589183488
2002-10-08,338.901,331.59,342.9,331.15,1976091264
2002-10-09,331.757,338.91,338.91,331.16,1911719552
2002-10-10,341.397,331.77,342.37,327.75,2101026048
2002-10-11,354.07,341.41,357.07,341.41,1946094080
2002-10-14,358.348,354.08,359.44,351.52,1237425664
2002-10-15,374.347,358.36,374.36,358.36,2056106752
2002-10-16,364.155,374.36,374.36,362.21,1758892800
2002-10-17,372.146,364.16,375.45,364.16,1936385152
2002-10-18,375.185,372.16,375.88,367.43,1617928064
2002-10-21,380.371,375.2,381.01,369.63,1546178432
2002-10-22,375.221,380.38,380.38,372.03,1697272320
2002-10-23,378.067,375.23,378.08,369.07,1647002368
2002-10-24,371.708,378.08,380.45,370.46,1923169536
2002-10-25,379.158,371.72,379.17,370.69,1419140096
2002-10-28,374.55,379.17,383.16,372.95,1561851136
2002-10-29,371.494,374.56,375.1,365.53,1590633984
2002-10-30,374.486,371.5,377.03,370.02,1623181312
2002-10-31,373.182,374.5,378.45,370.7,1737806848
2002-11-01,379.34,373.19,380.26,369.24,1774222720
2002-11-04,382.777,379.35,389.66,379.35,2062517120
2002-11-05,385.271,382.79,385.34,380.96,1550319104
2002-11-06,389.615,385.28,390.19,381.62,1935043968
2002-11-07,382.088,389.63,389.63,380.34,1627199104
2002-11-08,377.662,382.1,384.08,376.37,1553191808
2002-11-11,369.507,377.67,377.67,369.16,1186363136
2002-11-12,372.827,369.52,377.71,369.52,1482203264
2002-11-13,373.779,372.84,377.8,369.13,1575431552
2002-11-14,383.551,373.79,383.58,373.79,1705179008
2002-11-15,384.676,383.56,384.92,379.14,1668369024
2002-11-18,380.403,384.69,387.76,380.32,1497652224
2002-11-19,377.697,380.41,381.68,376.08,1516437248
2002-11-20,385.575,377.7,385.58,377,1669907200
2002-11-21,393.35,385.58,393.53,385.58,2261825280
2002-11-22,391.348,393.35,393.82,390.44,1820663040
2002-11-25,391.982,391.35,393.63,387.97,1712648704
2002-11-26,383.978,391.99,391.99,383.43,1640749696
2002-11-27,394.564,383.98,395.41,383.98,1435985408
2002-11-28,394.564,383.98,395.41,383.98,1435985408
2002-11-29,393.103,394.57,396.15,392.82,664791744
2002-12-02,392.863,393.11,401.45,390.42,1664993024
2002-12-03,386.812,392.87,392.87,385.63,1473434880
2002-12-04,385.895,386.82,389.15,381.78,1701114752
2002-12-05,380.988,385.9,388.04,380.92,1368746368
2002-12-06,383.016,380.99,384.07,376.85,1404101248
2002-12-09,374.157,383.02,383.02,374.16,1355835648
2002-12-10,379.577,374.16,380.09,374.16,1350697728
2002-12-11,379.979,379.58,382.37,376.56,1338749824
2002-12-12,378.402,379.98,381.66,376.65,1311030784
2002-12-13,372.014,378.41,378.41,371.81,1354336128
2002-12-16,380.028,372.02,380.05,372.02,1341892864
2002-12-17,376.425,380.03,380.03,375.62,1256075264
2002-12-18,370.92,376.43,376.43,369.53,1452336256
2002-12-19,368.12,370.92,374.7,366.64,1551650176
2002-12-20,372.076,368.13,373.17,368.12,2046416128
2002-12-23,373.801,372.15,375.65,371.05,1066911424
2002-12-24,372.103,373.81,373.91,372,470419072
2002-12-25,372.103,373.81,373.91,372,470419072
2002-12-26,369.86,372.11,376.02,368.98,739390976
2002-12-27,364.271,369.86,370.23,363.57,731019776
2002-12-30,365.45,364.28,366.68,361.69,989115456
2002-12-31,365.439,365.45,366.44,361.44,1009587264
2003-01-01,365.439,365.45,366.44,361.44,1009587264
2003-01-02,377.937,365.44,377.94,365.44,1263885056
2003-01-03,377.65,377.94,378.7,375.36,1190858496
2003-01-06,384.026,377.66,385.44,377.64,1468064512
2003-01-07,382.548,384.03,386.12,381.37,1657308416
2003-01-08,377.349,382.55,382.55,376.67,1474953984
2003-01-09,384.964,377.35,385.41,377.35,1582553088
2003-01-10,385.415,384.97,387.7,380.95,1558744192
2003-01-13,384.989,385.42,389.06,382.98,1441596544
2003-01-14,386.841,384.99,386.86,383.03,1359766016
2003-01-15,380.911,386.85,387.62,380.61,1517548800
2003-01-16,379.507,380.92,384.24,378.14,1557414912
2003-01-17,373.096,379.51,379.51,371.97,1595700608
2003-01-20,373.096,379.51,379.51,371.97,1595700608
2003-01-21,368.114,373.1,375.44,368.07,1351375104
2003-01-22,365.2,368.12,370.03,364.86,1538427392
2003-01-23,369.927,365.2,370.83,365.2,1597451008
2003-01-24,359.166,369.93,369.93,358.45,1525294080
2003-01-27,353.553,359.17,359.73,351.97,1399409664
2003-01-28,358.388,353.56,359.26,353.56,1406416128
2003-01-29,360.624,358.39,362.33,352.61,1561556992
2003-01-30,352.285,360.63,361.17,352.09,1477685376
2003-01-31,356.311,352.29,357.31,350.39,1608747520
2003-02-03,357.615,356.31,359.95,356.21,1248616704
2003-02-04,352.453,357.62,357.62,348.85,1415131264
2003-02-05,350.908,352.46,358.78,350.54,1415193344
2003-02-06,349.388,350.91,351.49,347.34,1333825024
2003-02-07,345.794,349.39,352.2,344.39,1244534912
2003-02-10,348.61,345.8,349.1,343.28,1175410176
2003-02-11,346.577,348.61,352,344.85,1306115328
2003-02-12,342.533,346.58,348.05,342.44,1220884992
2003-02-13,340.991,342.54,342.75,336.34,1412342656
2003-02-14,348.497,340.99,348.5,340.27,1392187904
2003-02-17,348.497,340.99,348.5,340.27,1392187904
2003-02-18,356.291,348.5,356.66,348.5,1215523200
2003-02-19,354.15,356.29,356.29,351.51,1082796160
2003-02-20,351.378,354.15,356,351.26,1183901184
2003-02-21,356.177,351.38,357.63,348.76,1280265728
2003-02-24,349.739,356.18,356.18,349.65,1155324032
2003-02-25,352.302,349.74,352.72,342.97,1371147136
2003-02-26,347.732,352.31,354.06,347.54,1172081408
2003-02-27,352.049,347.74,353.96,347.74,1175472384
2003-02-28,354.193,352.05,356.11,352.05,1254703488
2003-03-03,350.407,354.2,358.55,349.56,1165065472
2003-03-04,345.226,350.41,350.54,345.2,1167269888
2003-03-05,348.353,345.23,348.43,343.96,1342588032
2003-03-06,346.254,348.36,349.01,344.97,1257220736
2003-03-07,349.054,346.26,349.44,341.22,1434211072
2003-03-10,340.656,349.06,349.06,340.35,1137462400
2003-03-11,338.507,340.66,343.3,338.29,1266292096
2003-03-12,340.986,338.51,340.99,334.41,1490560768
2003-03-13,353.414,340.99,353.42,340.99,1738782208
2003-03-14,353.325,353.42,356.71,350.97,1504090624
2003-03-17,366.656,353.33,366.66,350.31,1785924992
2003-03-18,368.498,366.66,368.5,364.14,1544822272
2003-03-19,371.091,368.5,371.71,365.17,1590145664
2003-03-20,371.755,371.09,373.37,364.58,1472203520
2003-03-21,380.357,371.76,380.37,371.76,1800853120
2003-03-24,366.782,380.36,380.36,365.94,1259763456
2003-03-25,371.896,366.78,373.89,365.95,1314165376
2003-03-26,369.747,371.9,372.51,368.76,1165050752
2003-03-27,369.199,369.75,371.6,364.66,1193914240
2003-03-28,366.736,369.2,369.85,365.68,1138311424
2003-03-31,360.45,366.74,366.74,358.1,1338834944
2003-04-01,363.563,360.45,364.93,359.82,1338772224
2003-04-02,373.833,363.56,375.31,363.56,1539579136
2003-04-03,373.187,373.83,377.1,372.2,1349798912
2003-04-04,372.917,373.19,375.34,371.2,1261073152
2003-04-07,373.362,372.92,384.38,372.92,1372653696
2003-04-08,372.81,373.36,375.01,371.21,1146367872
2003-04-09,366.908,372.81,376.14,366.77,1209334016
2003-04-10,368.771,366.91,368.96,365.03,1199718272
2003-04-11,367.55,368.77,374.03,366.54,1037359296
2003-04-14,374.599,367.55,374.66,367.55,951574912
2003-04-15,376.273,374.6,376.85,373.13,1217500928
2003-04-16,372.1,376.27,379.61,371.35,1411395072
2003-04-17,378.55,372.1,378.66,371.72,1330200320
2003-04-18,378.55,372.1,378.66,371.72,1330200320
2003-04-21,377.615,378.55,380.57,376.01,964582656
2003-04-22,385.091,377.61,385.46,375.44,1392876672
2003-04-23,387.602,385.09,388.69,384.38,1419995264
2003-04-24,385.019,387.6,387.6,382.59,1310431872
2003-04-25,379.508,385.02,385.02,379.03,1177266560
2003-04-28,386.19,379.51,387.73,379.51,1120250368
2003-04-29,388.307,386.19,390.88,385.21,1296567040
2003-04-30,386.881,388.31,389.06,385.24,1374616704
2003-05-01,386.906,386.88,388.22,381.44,1158815488
2003-05-02,393.002,386.91,393.21,385.14,1321531520
2003-05-05,392.286,393,395.61,391.78,1314896896
2003-05-06,395.904,392.29,398.04,392.07,1459332224
2003-05-07,393.359,395.9,397.01,392.5,1337835648
2003-05-08,389.563,393.36,393.44,389.32,1213679232
2003-05-09,396.016,389.56,396.02,389.56,1162370688
2003-05-12,401.045,396.02,401.64,394.15,1318593280
2003-05-13,399.455,401.04,401.91,398.13,1229343744
2003-05-14,398.092,399.45,401.86,396.31,1248943488
2003-05-15,401.042,398.09,401.91,397.81,1301049344
2003-05-16,398.696,401.04,401.26,397.06,1225679104
2003-05-19,388.351,398.7,398.7,387.97,1229472256
2003-05-20,387.558,388.35,390.12,384.49,1295099776
2003-05-21,388.323,387.56,388.8,385.35,1214142080
2003-05-22,392.265,388.32,393.95,388.16,1258950912
2003-05-23,391.388,392.27,392.45,389.99,947469568
2003-05-26,391.388,392.27,392.45,389.99,947469568
2003-05-27,399.575,391.39,400.2,389.17,1295902080
2003-05-28,400.647,399.58,403.24,399.05,1335940096
2003-05-29,400.482,400.65,405.25,398.97,1459513856
2003-05-30,405.813,400.48,406.68,400.48,1469734272
2003-06-02,405.664,405.81,411.31,405.1,1472968064
2003-06-03,408.29,405.66,408.61,404.64,1234211072
2003-06-04,414.49,408.29,415.29,407.89,1409046272
2003-06-05,416.481,414.49,416.48,410.63,1521711104
2003-06-06,415.44,416.48,424.77,414.74,1977987712
2003-06-09,410.299,415.44,415.44,408.96,1216460416
2003-06-10,414.485,410.3,414.48,410.3,1143282944
2003-06-11,418.89,414.48,419.03,412.44,1331701760
2003-06-12,418.946,418.89,420.81,416.36,1251636096
2003-06-13,414.671,418.95,420.35,413.15,1149271552
2003-06-16,425.194,414.67,425.27,414.67,1222987904
2003-06-17,426.607,425.19,428.61,424.73,1287911168
2003-06-18,426.915,426.61,429.37,423.98,1417711616
2003-06-19,420.309,426.91,427.61,419.5,1366389376
2003-06-20,419.762,420.31,422.72,418.72,1510718848
2003-06-23,413.282,419.76,419.76,411.14,1207686784
2003-06-24,413.647,413.28,416.06,411.7,1179384832
2003-06-25,410.365,413.65,417.58,410.03,1149234432
2003-06-26,415.517,410.37,416.05,409.97,1085895296
2003-06-27,411.571,415.52,417.44,410.72,1035501824
2003-06-30,410.919,411.57,414.95,410.52,1261255296
2003-07-01,414.197,410.92,414.67,405.28,1190665728
2003-07-02,419.822,414.2,419.85,414.2,1258688896
2003-07-03,416.52,419.82,420.69,415.48,613970752
2003-07-04,416.52,419.82,420.69,415.48,613970752
2003-07-07,425.895,416.52,426.07,416.52,1184591616
2003-07-08,428.105,425.9,428.57,423.62,1225929856
2003-07-09,425.601,428.11,429.62,423.91,1291150336
2003-07-10,420.255,425.6,425.6,417.89,1148359552
2003-07-11,424.11,420.26,425.3,420.26,944684992
2003-07-14,426.798,424.11,431.95,424.11,1129150464
2003-07-15,425.75,426.8,429.85,423.92,1246024064
2003-07-16,423.869,425.75,427.46,421.26,1260252416
2003-07-17,417.35,423.87,423.87,415.93,1296583040
2003-07-18,420.871,417.35,421.6,416.26,1074754304
2003-07-21,414.636,420.87,420.87,413.28,946478336
2003-07-22,417.908,414.64,418.88,413.22,1191718400
2003-07-23,419.815,417.91,420.18,415.19,1059852160
2003-07-24,416.338,419.82,424.44,416.05,1248724736
2003-07-25,423.581,416.34,423.59,413.85,1041059264
2003-07-28,422.636,423.58,424.56,421.2,968688640
2003-07-29,419.758,422.64,423.86,417.28,1134541568
2003-07-30,419.441,419.76,421.16,418.09,982756480
2003-07-31,420.905,419.44,427.23,419.44,1256014720
2003-08-01,416.772,420.91,420.91,416.05,958463488
2003-08-04,417.731,416.77,419.21,411.02,956709056
2003-08-05,409.878,417.73,417.73,409.69,1050830080
2003-08-06,408.663,409.88,412.83,406.66,1209659904
2003-08-07,412.115,408.66,412.47,407.79,1039929792
2003-08-08,412.63,412.12,415.02,411.29,835714112
2003-08-11,414.611,412.63,416.7,411.94,790610496
2003-08-12,418.565,414.61,418.64,414.25,842165568
2003-08-13,415.924,418.56,419.7,414.55,966992960
2003-08-14,418.142,415.92,418.96,414.14,885802240
2003-08-15,419.021,418.14,419.64,416.56,486299200
2003-08-18,424.405,419.02,424.75,419.02,895042304
2003-08-19,425.616,424.41,425.87,422.67,1057432320
2003-08-20,424.373,425.62,426.11,422.86,906373056
2003-08-21,426.359,424.37,428.24,424,1121856768
2003-08-22,423.511,426.36,431.47,423.39,1152718080
2003-08-25,424.268,423.51,424.27,421.55,732711040
2003-08-26,425.529,424.27,425.89,419.73,920342912
2003-08-27,426.317,425.53,426.75,424.12,850616640
2003-08-28,428.983,426.32,429.42,424.16,923204096
2003-08-29,430.973,428.98,431.38,427.67,766357696
2003-09-01,430.973,428.98,431.38,427.67,766357696
2003-09-02,437.346,430.97,437.57,429.93,1109126272
2003-09-03,439.187,437.35,441,437.35,1427098880
2003-09-04,440.871,439.19,441.21,437.67,1187314560
2003-09-05,438.144,440.87,441.74,436.61,1212811520
2003-09-08,443.385,438.14,443.38,438.14,1043089472
2003-09-09,439.678,442.28,442.28,438.69,1111649408
2003-09-10,433.824,439.68,439.68,433.57,1159308032
2003-09-11,437.183,433.82,438.96,433.82,1012593472
2003-09-12,438.271,437.18,438.51,432.77,952655616
2003-09-15,436.862,438.27,439.63,436.52,821428736
2003-09-16,443.865,436.86,443.97,436.86,1006998336
2003-09-17,442.295,443.86,444.75,441.48,1007121984
2003-09-18,447.205,442.29,447.21,441.53,1060803712
2003-09-19,445.244,445.09,445.66,443.31,1162310784
2003-09-22,438.987,445.24,445.24,437.12,993055296
2003-09-23,443.006,438.99,443.44,438.99,1002213376
2003-09-24,433.014,443.01,443.21,432.93,1226377984
2003-09-25,429.904,433.01,436.07,429.9,1165654528
2003-09-26,426.57,429.9,430.34,426.57,1050851648
2003-09-29,431.464,426.57,431.6,425.97,990611648
2003-09-30,425.952,431.46,431.46,424.19,1118488704
2003-10-01,435.876,425.95,435.88,425.95,1127201920
2003-10-02,436.919,435.88,437.86,433.98,973257856
2003-10-03,441.903,436.92,445.82,436.92,1216088832
2003-10-06,443.134,441.9,444.09,441.15,771262208
2003-10-07,445.548,443.13,445.55,440.1,1010205568
2003-10-08,442.908,445.55,446.12,442.02,971693760
2003-10-09,445.225,442.91,449.67,442.91,1209776128
2003-10-10,444.431,445.23,445.94,443.34,845222656
2003-10-13,447.186,444.43,449.01,444.43,810614592
2003-10-14,448.872,447.19,448.87,444.97,928076800
2003-10-15,447.277,448.87,451.66,445.75,1165782272
2003-10-16,449.19,447.28,450.12,446.07,1029398080
2003-10-17,443.719,449.19,450.03,442.74,1045595712
2003-10-20,446.748,443.72,446.75,442.68,882177216
2003-10-21,449.067,446.75,449.96,446.51,1055854784
2003-10-22,441.185,449.07,449.07,440.36,1090574080
2003-10-23,441.697,441.18,442.57,438.58,1251972864
2003-10-24,439.325,441.7,441.7,434.08,1151672576
2003-10-27,440.615,439.32,443.34,439.32,921436224
2003-10-28,449.148,440.62,449.15,440.62,1255836544
2003-10-29,449.063,449.15,449.83,447.03,1129168640
2003-10-30,448.206,449.06,452.01,447.57,1165921664
2003-10-31,449.492,448.21,450.77,448.21,957310144
2003-11-03,453.219,449.49,454.34,449.49,988977792
2003-11-04,450.284,453.22,453.22,449.46,1089920640
2003-11-05,450.336,450.28,451.51,447.06,1027011392
2003-11-06,453.395,450.34,453.77,448.46,1101028608
2003-11-07,451.127,453.39,455.59,450.65,1058416832
2003-11-10,447.483,451.13,451.41,446.84,884336128
2003-11-11,447.08,447.48,447.84,445.49,872838848
2003-11-12,454.14,447.08,454.19,447.08,1019422208
2003-11-13,454.386,454.14,455.02,451.78,1135540480
2003-11-14,450.524,454.39,457.32,449.9,1096049408
2003-11-17,447.367,450.52,450.52,443.4,1030720192
2003-11-18,443.53,447.37,450.64,443.47,1076419456
2003-11-19,447.985,443.53,448.7,443.53,1006764608
2003-11-20,443.455,447.99,449.46,443.4,1000331264
2003-11-21,443.745,443.45,444.85,441.86,971424384
2003-11-24,452.647,444.58,452.65,444.58,981874560
2003-11-25,452.069,452.65,454.2,451.06,974645376
2003-11-26,453.543,452.07,454.09,448.7,812545728
2003-11-27,453.543,452.07,454.09,448.7,812545728
2003-11-28,453.762,453.54,454.94,452.6,340722624
2003-12-01,459.206,453.76,459.36,453.76,1012829696
2003-12-02,457.145,459.21,459.66,456.82,980718080
2003-12-03,455.26,457.15,460.81,455.18,1147205760
2003-12-04,456.539,455.26,457.27,452.88,1138329856
2003-12-05,452.163,456.54,456.54,451.52,929811328
2003-12-08,455.128,452.16,455.18,451.36,862149184
2003-12-09,449.812,455.13,456.34,449.35,1037841408
2003-12-10,449.336,449.81,451.35,446.45,1059551808
2003-12-11,455.357,449.34,456.44,449.34,1024916224
2003-12-12,455.947,455.36,456.21,453.28,821361152
2003-12-15,452.683,455.95,460.49,452.66,1118429696
2003-12-16,454.67,452.68,455.19,451.14,1131722368
2003-12-17,454.973,454.67,455.04,452.8,970106112
2003-12-18,460.704,454.97,460.78,454.97,1104275456
2003-12-19,459.64,460.71,461.27,457.64,1278572160
2003-12-22,460.667,459.64,461.13,458.18,797983744
2003-12-23,462.548,460.67,462.67,459.96,764125120
2003-12-24,461.826,462.55,462.76,460.87,322062784
2003-12-25,461.826,462.55,462.76,460.87,322062784
2003-12-26,462.512,461.83,463.83,461.83,220734672
2003-12-29,468.377,462.51,468.38,462.51,695396096
2003-12-30,468.158,468.38,468.64,466.7,668158080
2003-12-31,468.902,468.16,469.31,466.53,702951808
2004-01-01,468.902,468.16,469.31,466.53,702951808
2004-01-02,467.568,468.9,472.01,466.22,766983296
2004-01-05,473.502,467.57,473.51,467.57,1104637696
2004-01-06,474.762,473.5,475.18,472.16,1043859008
2004-01-07,477.207,474.76,477.21,472.16,1101194624
2004-01-08,478.937,477.21,479.16,476.15,1260415232
2004-01-09,475.188,478.94,479.78,474.71,1173595776
2004-01-12,477.899,475.19,478.11,474.53,1017787392
2004-01-13,474.789,477.9,478.7,472.16,1125436800
2004-01-14,478.337,474.79,478.49,474.79,1029603136
2004-01-15,478.695,478.34,480.94,474.83,1159560320
2004-01-16,483.164,478.7,483.22,478.7,1306869888
2004-01-19,483.164,478.7,483.22,478.7,1306869888
2004-01-20,482.256,483.16,484.69,480.95,1246895104
2004-01-21,484.875,482.26,485.96,479.44,1191879168
2004-01-22,483.45,484.88,487.03,483.12,1231179008
2004-01-23,482.722,483.45,486.51,480.48,1143981824
2004-01-26,489.298,482.72,489.3,482.42,1002502720
2004-01-27,483.654,489.3,489.3,483.65,1206956672
2004-01-28,476.911,483.65,485.87,476.08,1244011264
2004-01-29,479.592,476.91,479.85,474.26,1416027008
2004-01-30,478.293,479.59,479.59,476.82,1110899840
2004-02-02,480.053,478.29,483.73,476.8,1088266880
2004-02-03,481.081,480.05,481.43,478.6,997581888
2004-02-04,476.928,481.08,481.08,476.34,1244613888
2004-02-05,477.596,476.93,478.81,475.81,1101735424
2004-02-06,484.211,477.6,484.21,477.55,990024704
2004-02-09,482.483,484.21,485.34,482.3,916486976
2004-02-10,484.456,482.48,485.21,482.03,905482240
2004-02-11,488.93,484.46,489.42,483,1189262848
2004-02-12,486.312,488.93,489.4,485.86,979734528
2004-02-13,483.307,486.31,488.31,482.05,939680960
2004-02-16,483.307,486.31,488.31,482.05,939680960
2004-02-17,487.892,483.31,488.87,483.31,953601088
2004-02-18,486.15,487.89,488.68,485.15,927139712
2004-02-19,483.002,486.15,489.7,482.96,1090446848
2004-02-20,482.252,483,484.64,479.74,1019566784
2004-02-23,479.503,482.25,483.22,477.52,1056209792
2004-02-24,479.278,479.5,481.65,477.18,1102508672
2004-02-25,480.89,479.28,481.64,478.88,942290176
2004-02-26,481.475,480.89,482.8,478.44,976176832
2004-02-27,480.728,481.47,484.4,479.66,1088973440
2004-03-01,485.683,480.73,486,480.73,1003490752
2004-03-02,481.966,485.68,486.42,481.85,1021279680
2004-03-03,482.648,481.97,483.38,479.39,881975872
2004-03-04,485.094,482.65,485.12,482.14,819077184
2004-03-05,485.022,485.09,488.13,481.8,963243776
2004-03-08,479.583,485.02,486.39,479.53,908922752
2004-03-09,476.74,479.58,479.58,476.66,1067732736
2004-03-10,470.233,476.74,477.61,469.67,1156565760
2004-03-11,463.683,470.23,471.47,463.35,1256727936
2004-03-12,469.502,463.68,469.52,463.68,975269376
2004-03-15,462.344,469.5,469.5,462.13,988539392
2004-03-16,464.661,462.34,466.52,461.02,1048742720
2004-03-17,469.4,464.66,470.24,464.66,975518848
2004-03-18,467.921,469.4,469.51,464.29,914775040
2004-03-19,462.324,467.92,468.19,462.31,1000328576
2004-03-22,456.51,462.32,462.32,454.01,1022301568
2004-03-23,455.945,456.51,459.63,454.97,990931776
2004-03-24,456.212,455.94,459.02,453.84,1049145344
2004-03-25,465.116,456.21,465.47,456.21,1078633984
2004-03-26,464.094,465.12,467.63,463.89,884216256
2004-03-29,470.711,464.09,471.5,464.09,923745792
2004-03-30,472.097,470.71,472.24,468.59,806364416
2004-03-31,471.453,472.1,473.32,469.38,978496064
2004-04-01,474.336,471.45,475.4,471.45,1002411392
2004-04-02,480.38,474.34,480.59,474.34,1070448960
2004-04-05,484.696,480.38,484.7,480.15,880253056
2004-04-06,482.564,484.7,484.7,480.5,859082368
2004-04-07,479.795,482.56,482.56,478.42,864433728
2004-04-08,479.178,479.8,483.8,476.96,782458496
2004-04-09,479.178,479.8,483.8,476.96,782458496
2004-04-12,481.712,479.18,481.98,479.18,646458368
2004-04-13,475.728,481.71,483.19,475.01,827026304
2004-04-14,475.931,475.73,477.6,472.99,928160640
2004-04-15,476.422,475.93,478.23,472.99,1028466752
2004-04-16,477.873,476.42,479.37,474.44,993997312
2004-04-19,479.699,477.87,479.7,476.52,771768256
2004-04-20,471.749,479.7,481.13,471.75,931222336
2004-04-21,474.995,471.75,475.73,471.17,1089502720
2004-04-22,481.074,475,482.14,473.29,1263332480
2004-04-23,482.541,481.07,482.97,480.07,1050266368
2004-04-26,479.853,482.54,484.41,478.71,855960640
2004-04-27,480.211,479.85,484.55,479.66,999387776
2004-04-28,473.234,480.21,480.21,472.59,1050841216
2004-04-29,469.584,473.23,475.23,466.77,1252946816
2004-04-30,465.755,469.58,471.59,465.72,1102119168
2004-05-03,470.206,465.76,471.89,465.76,1085102592
2004-05-04,470.838,470.21,474.53,467.77,1079741056
2004-05-05,472.307,470.84,473.97,470.11,900872704
2004-05-06,469.464,472.31,472.31,466.37,947357824
2004-05-07,464.927,469.46,472.16,464.88,1010571968
2004-05-10,461.517,464.93,464.93,458.61,1132962048
2004-05-11,465.723,461.52,465.94,461.52,977236416
2004-05-12,465.176,465.72,465.72,456.11,1116774912
2004-05-13,464.66,465.18,466.9,462.43,904732352
2004-05-14,462.564,464.66,466.02,460.13,892155392
2004-05-17,458.031,462.56,462.56,455.41,920106624
2004-05-18,461.41,458.03,462.7,458.03,852258368
2004-05-19,459.827,461.41,467.65,459.83,1009881216
2004-05-20,459.551,459.83,461.52,457.71,858824512
2004-05-21,461.397,459.55,463.6,459.53,844436032
2004-05-24,461.894,461.4,464.89,460.72,825682688
2004-05-25,469.495,461.89,470.07,459.75,1028818176
2004-05-26,470.73,469.49,471.46,468.29,902270720
2004-05-27,474.047,470.73,474.78,470.73,950641728
2004-05-28,473.934,474.05,474.92,472.68,756342400
2004-05-31,473.934,474.05,474.92,472.68,756342400
2004-06-01,474.201,473.93,475,470.66,795051840
2004-06-02,475.534,474.2,477.02,472.73,826346432
2004-06-03,471.855,475.53,476.18,471.85,808726656
2004-06-04,474.598,471.86,477.87,471.86,789727424
2004-06-07,482.435,474.6,482.44,474.6,858037312
2004-06-08,483.411,482.44,483.41,480.34,838511808
2004-06-09,477.994,483.41,483.41,477.89,813618048
2004-06-10,479.548,477.99,479.7,477.81,759290112
2004-06-11,479.548,477.99,479.7,477.81,759290112
2004-06-14,475.312,479.55,479.55,473.56,754599168
2004-06-15,478.298,475.31,480.6,475.31,950635264
2004-06-16,478.547,478.3,479.29,477.35,779635456
2004-06-17,476.89,478.55,478.55,474.93,868341184
2004-06-18,477.509,476.89,479.69,475.56,1106547456
2004-06-21,475.114,477.51,478.99,474.84,765749184
2004-06-22,477.125,475.11,477.29,472.33,954305728
2004-06-23,481.225,477.13,481.79,475.63,997066112
2004-06-24,479.64,481.22,482.3,479.22,943572544
2004-06-25,476.587,479.64,481.85,476.55,1430395264
2004-06-28,475.492,476.59,479.26,474.5,945983680
2004-06-29,477.346,475.49,478.15,474.98,966952128
2004-06-30,479.347,477.35,480.86,476.24,1034263808
2004-07-01,473.447,479.35,479.35,470.84,1078616832
2004-07-02,471.18,473.45,473.45,470.05,760424960
2004-07-05,471.18,473.45,473.45,470.05,760424960
2004-07-06,465.565,471.18,471.18,464.18,1090693376
2004-07-07,466.743,465.56,468.27,465.08,1049768576
2004-07-08,462.33,466.74,467.51,462.06,1092867840
2004-07-09,463.679,462.33,465.42,462.33,872339456
2004-07-12,463.034,463.68,463.85,459.83,820769472
2004-07-13,463.441,463.03,464.3,462.78,867332160
2004-07-14,460.809,463.44,465.06,459.44,1236036992
2004-07-15,459.04,460.81,462.99,459.01,1020034752
2004-07-16,455.286,459.04,461.44,455.18,1102390656
2004-07-19,453.635,455.29,456.25,451.52,995929216
2004-07-20,458.335,453.64,458.34,453.64,1031722624
2004-07-21,450.493,458.34,461.01,450.49,1257658112
2004-07-22,452.582,450.49,453.74,446.25,1172393856
2004-07-23,446.146,452.58,452.58,444.93,974140480
2004-07-26,444.183,446.15,447.37,441.81,1024927872
2004-07-27,449.214,444.18,449.96,444.18,1134011392
2004-07-28,448.123,449.21,449.93,442.29,1165066368
2004-07-29,450.787,448.12,452.28,448.12,1060209664
2004-07-30,452.012,450.79,453.22,450.12,939350720
2004-08-02,453.663,452.01,454.35,449.65,941187520
2004-08-03,449.374,453.66,453.66,449.14,877535232
2004-08-04,448.911,449.37,450.71,445.97,991967808
2004-08-05,440.952,448.91,449.03,440.68,970220544
2004-08-06,433.248,440.95,440.95,432.42,1041985600
2004-08-09,433.075,433.25,435,432.93,731995840
2004-08-10,439.574,433.07,439.57,433.07,850582720
2004-08-11,437.412,439.57,439.57,432.52,1049495232
2004-08-12,432.265,437.41,437.41,432.22,1003940608
2004-08-13,432.7,432.27,434.61,431.2,847926272
2004-08-16,438.455,432.7,439.36,432.7,822109568
2004-08-17,440.58,438.46,442.58,438.46,895451328
2004-08-18,446.877,440.58,446.88,439,910877888
2004-08-19,444.832,446.88,446.88,442.79,848122752
2004-08-20,447.864,444.83,448.75,443.93,804786240
2004-08-23,447.347,447.86,449.75,446.97,687606528
2004-08-24,447.094,447.35,449.71,445.8,761271680
2004-08-25,451.194,447.09,451.78,445.53,798515072
2004-08-26,450.777,451.19,451.73,449.85,705884160
2004-08-27,452.523,450.78,453.45,450.78,585664896
2004-08-30,447.84,452.52,452.52,447.84,569518976
2004-08-31,449.185,447.84,449.27,445.27,818512192
2004-09-01,450.804,449.18,451.79,447.51,846723584
2004-09-02,456.247,450.8,456.79,450.46,821019008
2004-09-03,453.02,456.25,456.68,453.02,781760640
2004-09-06,453.02,456.25,456.68,453.02,781760640
2004-09-07,455.435,453.02,456.89,453.02,910743808
2004-09-08,453.696,455.43,457.86,453.52,997330688
2004-09-09,455.051,453.7,456.36,452.39,1078800128
2004-09-10,458.404,455.05,458.94,453.31,1046235968
2004-09-13,460.198,458.4,462.28,458.4,1080848768
2004-09-14,461.632,460.2,462.09,459.54,996621888
2004-09-15,457.653,461.63,461.63,457.2,1017266048
2004-09-16,458.04,457.65,460.14,457.42,827548096
2004-09-17,459.915,458.04,460.65,457.78,1165794560
2004-09-20,457.723,459.92,459.92,456.64,996978560
2004-09-21,460.049,457.72,461.13,457.64,1034136768
2004-09-22,452.907,460.05,460.05,452.59,1087611520
2004-09-23,451.806,452.91,453.73,451.46,990777152
2004-09-24,451.581,451.81,454.16,451.52,970880256
2004-09-27,448.191,451.58,451.58,448.04,922358272
2004-09-28,450.392,448.19,451.31,446.6,1013311232
2004-09-29,453.458,450.39,453.46,450.03,1044653760
2004-09-30,453.149,453.46,454.21,451.48,1336786048
2004-10-01,460.445,453.15,460.53,453.15,1244774784
2004-10-04,462.45,460.44,465.15,460.44,1219876352
2004-10-05,461.758,462.45,463.55,460.82,1110455040
2004-10-06,464.205,461.76,464.2,460.51,1084507136
2004-10-07,458.291,464.2,464.2,458.24,1098768384
2004-10-08,453.106,458.29,458.94,452.4,1000236352
2004-10-11,454.545,453.11,455.37,453.11,712100160
2004-10-12,453.25,454.54,454.54,450.32,1001796032
2004-10-13,451.147,453.25,456.43,449.58,1157039360
2004-10-14,446.711,451.15,451.88,446.26,1078223488
2004-10-15,447.942,446.71,450.15,445.19,1242829952
2004-10-18,451.95,447.94,451.96,446.25,1017061824
2004-10-19,448.54,451.95,454.61,448.49,1245284352
2004-10-20,449.217,448.54,449.78,445.17,1183141504
2004-10-21,451.308,449.22,452.28,447.87,1335629056
2004-10-22,445.514,451.31,451.57,445.35,1156571008
2004-10-25,444.407,445.51,445.71,442.68,1009244480
2004-10-26,450.306,444.41,450.31,444.12,1280745600
2004-10-27,458.748,450.31,459.24,449.46,1341319808
2004-10-28,459.562,458.75,461.02,456.71,1193770752
2004-10-29,459.962,459.56,461.11,457.54,1147726464
2004-11-01,459.518,459.96,460.89,458.09,1106600064
2004-11-02,460.156,459.52,464.41,459.01,1323192448
2004-11-03,465.259,460.16,468.36,460.16,1401224320
2004-11-04,470.93,465.26,470.93,463.37,1302991488
2004-11-05,473.902,470.93,475.86,470.93,1310839424
2004-11-08,473.33,473.9,474.09,471.93,1007050048
2004-11-09,472.935,473.33,475.02,471.89,1091683840
2004-11-10,471.611,472.94,474.37,471.45,1182107264
2004-11-11,476.229,471.61,476.68,471.61,1082624000
2004-11-12,480.48,476.23,480.49,475.01,1236404224
2004-11-15,481.834,480.48,482.46,479.17,1096524544
2004-11-16,478.22,481.83,481.83,478.01,1012706944
2004-11-17,480.819,478.22,483.52,478.22,1206656640
2004-11-18,481.351,480.82,481.88,479.11,1130558848
2004-11-19,474.603,481.35,481.35,474.56,1141457408
2004-11-22,477.004,474.6,477.34,472.6,1048123456
2004-11-23,476.508,477,478.13,474.22,1060325440
2004-11-24,478.827,476.51,479.1,476.51,844671360
2004-11-25,478.827,476.51,479.1,476.51,844671360
2004-11-26,478.87,478.83,480.7,478.3,336912480
2004-11-29,477.819,478.87,481.06,475.36,991300224
2004-11-30,475.181,477.82,477.96,475.15,1161906688
2004-12-01,484.058,475.15,484.06,475.15,1314341888
2004-12-02,485.446,484.06,487.78,482.38,1270715520
2004-12-03,486.119,485.45,489.47,485.1,1252484352
2004-12-06,485.411,486.12,486.48,483.35,1010286400
2004-12-07,479.828,485.41,486.99,479.83,1216355584
2004-12-08,482.629,479.83,483.43,479.75,1072007104
2004-12-09,485.388,482.63,486.12,478.36,1326830464
2004-12-10,484.154,485.39,485.48,483.39,1103624704
2004-12-13,487.301,484.15,487.32,484.15,1225370880
2004-12-14,489.935,487.3,490.66,486.88,1350615040
2004-12-15,490.657,489.94,491.21,487.83,1372607104
2004-12-16,490.076,490.66,492.59,488.3,1525124864
2004-12-17,485.846,490.08,490.67,485.15,1927768064
2004-12-20,483.947,485.85,489.3,483.28,1135296000
2004-12-21,488.46,483.95,488.59,483.95,1197870720
2004-12-22,490.895,488.46,491.76,487.75,1115291392
2004-12-23,490.921,490.9,492.74,490.32,785713728
2004-12-24,490.921,490.9,492.74,490.32,785713728
2004-12-27,489.333,490.92,492.9,489.33,716665152
2004-12-28,493.536,489.33,493.54,489.33,795538816
2004-12-29,493.956,493.54,494.39,492.7,732809856
2004-12-30,494.216,493.96,495.25,493.85,650782336
2004-12-31,493.409,494.22,495.61,493.32,594579328
2005-01-03,489.471,493.41,496.41,488.84,1176476800
2005-01-04,482.679,489.47,490.79,481.25,1368816000
2005-01-05,480.742,482.68,484.72,480.74,1260596992
2005-01-06,481.751,480.74,483.67,480.36,1198526336
2005-01-07,482.118,481.75,484.61,480.02,1120523904
2005-01-10,484.63,482.12,486.54,481.66,1104439424
2005-01-11,481.629,484.63,484.63,480.13,1209203200
2005-01-12,483.736,481.63,483.81,478.82,1286259968
2005-01-13,478.586,483.74,483.74,477.93,1194806272
2005-01-14,481.597,478.59,481.92,478.59,1031384000
2005-01-17,481.597,478.59,481.92,478.59,1031384000
2005-01-18,485.199,481.6,485.2,479.32,1180617472
2005-01-19,480.093,485.2,485.2,479.97,1171737856
2005-01-20,476.03,480.09,480.09,475.5,1248589184
2005-01-21,472.336,476.03,477.41,472.31,1201069952
2005-01-24,468.721,472.34,474.05,468.72,1151994112
2005-01-25,471.447,468.72,474.05,468.72,1203436416
2005-01-26,474.288,471.45,475.15,471.45,1263799296
2005-01-27,474.639,474.29,475.61,472.66,1288757632
2005-01-28,473.051,474.64,475.46,471.04,1384499328
2005-01-31,476.714,473.05,477.28,473.05,1200277120
2005-02-01,479.432,476.71,479.9,476.22,1239096960
2005-02-02,480.785,479.43,481.78,478.98,1204519808
2005-02-03,478.427,480.79,480.79,476.92,1178035712
2005-02-04,483.996,478.43,484.12,478.24,1177545856
2005-02-07,483.596,484,485.05,482.64,976641600
2005-02-08,483.902,483.6,485.52,483.11,1124951680
2005-02-09,478.418,483.9,484.59,478.2,1132753024
2005-02-10,479.809,478.42,480.48,477.06,1197366272
2005-02-11,484.191,479.81,485.34,477.99,1236116736
2005-02-14,484.476,484.19,484.89,483.26,948818880
2005-02-15,486.061,484.48,487.54,484,1186875136
2005-02-16,485.236,486.06,486.06,483.55,1131790720
2005-02-17,481.529,485.24,486.04,481.53,1173961856
2005-02-18,482.088,481.53,482.48,479.94,1102013696
2005-02-21,482.088,481.53,482.48,479.94,1102013696
2005-02-22,475.545,482.09,482.65,475.47,1263965952
2005-02-23,476.931,475.55,478.28,475.21,1131714816
2005-02-24,480.805,476.93,480.87,474.92,1163143680
2005-02-25,484.616,480.8,484.62,480.12,1024758784
2005-02-28,481.159,484.62,484.62,479.15,1272105728
2005-03-01,484.919,481.16,485.44,481.16,1194403456
2005-03-02,484.481,484.92,487.42,482.16,1173016576
2005-03-03,483.863,484.48,486.45,481.69,1162067840
2005-03-04,487.358,483.86,488.2,483.86,1113127552
2005-03-07,489.901,487.36,491.73,487.36,1113490944
2005-03-08,486.705,489.9,490.55,486.32,1065393472
2005-03-09,483.325,486.7,487.02,483.08,1169659776
2005-03-10,484.355,483.32,485.32,481.25,1077824000
2005-03-11,479.715,484.35,485.59,479.02,1068673088
2005-03-14,482.087,479.71,482.09,478.95,1008703168
2005-03-15,478.514,482.09,483.51,478.5,1101374848
2005-03-16,474.502,478.51,478.51,473.53,1143252480
2005-03-17,474.36,474.5,475.72,473.19,1069465792
2005-03-18,473.237,474.36,474.91,471,1798607488
2005-03-21,471.922,473.24,473.49,469.9,1032404160
2005-03-22,468.37,471.92,474.27,468.37,1182282496
2005-03-23,470.072,468.37,471.63,467.79,1194564224
2005-03-24,470.051,470.07,473.41,470.05,978457984
2005-03-25,470.051,470.07,473.41,470.05,978457984
2005-03-28,471.038,470.05,473.28,470.05,976262080
2005-03-29,467.346,471.04,472.76,466.65,1212857344
2005-03-30,473.817,467.35,473.88,467.35,1171227136
2005-03-31,471.973,473.82,473.82,471.42,1164092288
2005-04-01,467.715,471.97,474.86,466.88,1243025408
2005-04-04,469.6,467.72,470.57,465.66,1098453888
2005-04-05,473.129,469.6,473.38,469.6,1092111488
2005-04-06,472.964,473.13,475.72,472.55,1102874112
2005-04-07,476.745,472.96,476.79,472.12,1159963776
2005-04-08,472.832,476.74,476.87,472.78,950028800
2005-04-11,472.111,472.83,474.01,471.62,853622080
2005-04-12,474.94,472.11,475.6,467.65,1175730048
2005-04-13,469.821,474.94,474.94,468.99,1188130560
2005-04-14,465.601,469.82,470.29,465.45,1385427072
2005-04-15,459.273,465.6,465.6,459,1686974720
2005-04-18,459.394,459.27,460.54,457.54,1260765952
2005-04-19,461.768,459.39,462.33,459.39,1231382912
2005-04-20,456.334,461.77,463.14,455.75,1419052160
2005-04-21,465.44,456.33,465.46,456.33,1431264640
2005-04-22,460.867,465.44,465.44,457.9,1220745344
2005-04-25,464.514,460.87,465.12,460.87,1028311936
2005-04-26,461.036,464.51,466.51,461.04,1137992192
2005-04-27,463.04,461.04,464.04,457.94,1187036160
2005-04-28,458.248,463.04,463.04,458.15,1240301696
2005-04-29,462.761,458.25,462.92,455.75,1344925184
2005-05-02,464.871,462.76,465.63,462.31,1050321024
2005-05-03,465.848,464.87,468.04,464.08,1202420352
2005-05-04,471.275,465.85,471.48,465.85,1285968256
2005-05-05,470.617,471.28,472.84,468.65,1116939264
2005-05-06,470.967,470.62,472.98,470.4,1021281920
2005-05-09,473.529,470.97,473.53,469.54,946805760
2005-05-10,469.385,473.53,473.53,468.13,1032326272
2005-05-11,471.736,469.38,471.86,465.93,1064671168
2005-05-12,469.085,471.74,473.5,468.19,1154474624
2005-05-13,469.031,469.08,471.71,465.79,1252473728
2005-05-16,474.065,469.03,474.07,468.77,953577984
2005-05-17,476.829,474.07,476.91,471.46,1063584512
2005-05-18,481.863,476.83,482.7,476.83,1325299712
2005-05-19,484.027,481.87,484.03,481.58,1041881408
2005-05-20,483.663,484.03,484.05,481.74,938133504
2005-05-23,485.342,483.66,486.82,483.43,989722048
2005-05-24,485.936,485.34,486.34,483.84,1026209152
2005-05-25,483.406,485.94,485.94,481.44,943512640
2005-05-26,487.317,483.41,487.86,483.41,1018659904
2005-05-27,487.354,487.32,487.58,485.91,755274624
2005-05-30,487.354,487.32,487.58,485.91,755274624
2005-05-31,484.472,487.35,487.35,484.42,1175932032
2005-06-01,488.75,484.47,490.29,484.29,1045972864
2005-06-02,490.587,488.74,490.68,487.39,1033083840
2005-06-03,486.249,490.59,490.59,485.68,953637312
2005-06-06,486.88,486.25,487.45,485.01,878607936
2005-06-07,486.698,486.88,491.84,486.69,1122508288
2005-06-08,485.022,486.7,488.23,484.42,1007616640
2005-06-09,487.585,485.02,488.15,483.49,1085958528
2005-06-10,485.068,487.58,487.77,483.21,913017088
2005-06-13,486.474,485.07,488.42,483.8,906678720
2005-06-14,487.765,486.47,489.06,486.09,934467200
2005-06-15,488.282,487.77,489.63,484.53,1020924672
2005-06-16,490.049,488.28,490.43,487.62,1004588416
2005-06-17,491.255,490.05,492.89,490.05,1520716672
2005-06-20,490.996,491.26,492.22,488.53,918684672
2005-06-21,490.557,491,491.6,489.16,974035584
2005-06-22,490.576,490.56,492.68,489.37,1048075776
2005-06-23,485.533,490.58,492.34,485.51,1318769920
2005-06-24,480.944,485.53,485.53,480.91,1744376960
2005-06-27,480.349,480.94,481.87,479.13,987588992
2005-06-28,486.212,480.35,486.59,480.35,1028744000
2005-06-29,485.386,486.21,487.27,484.98,1087466496
2005-06-30,482.292,485.39,486.88,481.93,1231638272
2005-07-01,483.263,482.29,484.63,482.29,915236288
2005-07-04,483.263,482.29,484.63,482.29,915236288
2005-07-05,487.427,483.26,488.04,482.46,971020352
2005-07-06,484.131,487.43,488.07,484.03,1063683968
2005-07-07,485.683,484.13,485.91,480.33,1125083648
2005-07-08,492.402,485.68,492.8,485.61,1068040384
2005-07-11,495.99,492.4,496.47,492.4,1057594304
2005-07-12,497.458,495.99,498.78,494.99,1057326912
2005-07-13,497.417,497.46,497.96,496.08,971322944
2005-07-14,499.483,497.42,501.84,497.42,1213842304
2005-07-15,500.428,499.48,501.26,498.31,1022990400
2005-07-18,498.393,500.43,500.43,498.39,839087424
2005-07-19,503.037,498.39,503.33,498.39,1115525120
2005-07-20,505.759,503.04,506.23,500.21,1221656448
2005-07-21,502.877,505.76,506.51,501.26,1309420800
2005-07-22,504.16,502.88,504.48,501.5,1068269184
2005-07-25,501.377,504.16,505.51,500.97,965471552
2005-07-26,502.988,501.38,504.24,501.38,1119638912
2005-07-27,505.595,502.99,505.97,502.47,1107777024
2005-07-28,509.074,505.6,509.6,505.6,1112861568
2005-07-29,505.651,509.07,509.41,505.65,1007810176
2005-08-01,506.507,505.65,507.76,505.65,937304000
2005-08-02,510.078,506.51,510.32,506.51,1104770816
2005-08-03,510.308,510.08,510.74,508.45,1122948352
2005-08-04,505.805,510.31,510.31,505.57,1048450560
2005-08-05,502.376,505.8,505.8,502.1,993351872
2005-08-08,500.201,502.38,504.25,499.86,910937728
2005-08-09,503.42,500.2,504.65,500.2,964527936
2005-08-10,501.687,503.42,507.67,500.84,1181171456
2005-08-11,505.286,501.69,505.29,501.68,1008434944
2005-08-12,502.116,505.29,505.29,499.96,1082840832
2005-08-15,503.771,502.12,504.85,500.41,835512320
2005-08-16,497.482,503.77,503.77,497.31,977449216
2005-08-17,498.54,497.48,500.42,496.97,1003447040
2005-08-18,497.876,498.54,499.72,496.71,954945728
2005-08-19,497.589,497.88,500.05,497.59,880026496
2005-08-22,498.199,497.59,501.35,495.99,871037248
2005-08-23,496.89,498.2,499.04,495.53,886840256
2005-08-24,493.843,496.89,500.09,493.75,1021988928
2005-08-25,494.884,493.84,495.42,493.84,851049984
2005-08-26,492.169,494.88,494.88,491.64,813242368
2005-08-29,495.804,492.17,496.51,490.66,840153536
2005-08-30,493.697,495.8,495.8,490.74,1037585792
2005-08-31,498.491,493.7,498.49,492.09,1245554688
2005-09-01,497.409,498.49,500.14,496.33,1180571136
2005-09-02,496.185,497.41,498.79,495.91,797907840
2005-09-05,496.185,497.41,498.79,495.91,797907840
2005-09-06,503.316,496.72,503.41,496.18,952686720
2005-09-07,504.829,503.32,505.13,501.99,1018411200
2005-09-08,502.925,504.83,505.04,502.05,1104605056
2005-09-09,505.973,502.93,506.74,502.93,1069211328
2005-09-12,506.451,505.97,507.25,505.42,1134979968
2005-09-13,502.986,506.45,506.45,502.7,1141087616
2005-09-14,499.644,502.99,503.5,499.38,1082651136
2005-09-15,499.544,499.64,501.47,498.44,1114048256
2005-09-16,502.057,499.54,502.2,499.25,2113022976
2005-09-19,498.639,502.06,502.06,497.13,1104359936
2005-09-20,494.637,498.64,501.06,494.12,1261525376
2005-09-21,489.937,494.64,494.64,489.81,1331266432
2005-09-22,492.33,489.94,493.14,488.07,1238550912
2005-09-23,493.485,492.33,495.11,490.73,1140010496
2005-09-26,493.211,493.49,496.6,491.47,1088452352
2005-09-27,493.49,493.21,495.44,491.64,1083782272
2005-09-28,493.627,493.49,495.72,492,1129346944
2005-09-29,497.913,493.63,498.23,491.64,1155005952
2005-09-30,500.349,497.91,500.36,497.46,1113112832
2005-10-03,500.321,500.35,502.46,499.77,1147657472
2005-10-04,496.52,500.32,502.39,496.39,1348712960
2005-10-05,489.255,496.52,496.63,489.19,1282399488
2005-10-06,486.877,489.25,491.46,483.08,1466426496
2005-10-07,488.491,486.88,489.87,486.56,1021561856
2005-10-10,485.736,488.49,489.32,485.36,1003366976
2005-10-11,484.1,485.74,488.21,483.22,1214297600
2005-10-12,481.007,484.1,485.38,479.18,1365484160
2005-10-13,482.079,481.01,483.26,478.46,1248141312
2005-10-14,486.269,482.08,486.43,481.84,1113151232
2005-10-17,487.391,486.27,487.54,484.61,956775552
2005-10-18,483.862,487.39,487.39,483.86,1131087872
2005-10-19,491.596,483.86,491.6,480.66,1405188864
2005-10-20,486.015,491.6,493.12,484.38,1302551296
2005-10-21,487.195,486.02,489.81,485.33,1338931584
2005-10-24,494.186,487.2,494.19,487.2,1122110720
2005-10-25,491.91,494.19,494.19,488.76,1184921600
2005-10-26,489.302,491.91,494.25,489.29,1235241728
2005-10-27,482.871,489.3,489.48,482.86,1208415488
2005-10-28,490.096,482.87,490.1,482.87,1350568192
2005-10-31,495.207,490.1,496.78,490.1,1407047168
2005-11-01,492.973,495.21,495.21,492.45,1367827200
2005-11-02,498.3,492.97,498.79,492.26,1541676928
2005-11-03,501.454,498.3,503.5,498.3,1562738816
2005-11-04,502.311,501.45,503.2,499.8,1093055104
2005-11-07,503.998,502.31,504.69,501.25,1215316992
2005-11-08,501.702,504,504,500.84,1024559168
2005-11-09,502.192,501.7,504.21,500.57,1107765120
2005-11-10,507.452,502.19,507.8,500.58,1269380864
2005-11-11,508.649,507.45,508.99,507.45,926010240
2005-11-14,508.143,508.65,509.88,507.5,923263168
2005-11-15,507.092,508.14,510.04,506.02,1200167296
2005-11-16,508.36,507.09,508.58,506.18,1132879232
2005-11-17,513.686,508.36,513.69,508.36,1222440192
2005-11-18,515.085,513.69,516.08,512.74,1447681536
2005-11-21,517.852,515.09,518.31,513.98,1181779968
2005-11-22,520.296,517.85,520.75,516.39,1293636096
2005-11-23,521.6,520.3,523.49,519.7,1064663424
2005-11-24,521.6,520.3,523.49,519.7,1064663424
2005-11-25,522.808,521.6,523.06,521.44,414132608
2005-11-28,518.053,522.81,523.1,517.97,1061345280
2005-11-29,517.698,518.05,521.68,517.69,1168998272
2005-11-30,515.906,517.7,519.54,515.83,1222212096
2005-12-01,522.233,515.91,522.74,515.91,1254284672
2005-12-02,522.942,522.23,523.76,521.39,1080792576
2005-12-05,520.722,522.94,522.94,519.41,1176850304
2005-12-06,521.63,520.72,525.17,520.72,1152512896
2005-12-07,519.568,521.63,522.16,517.98,1090564224
2005-12-08,518.835,519.57,521.82,516.53,1233718272
2005-12-09,520.623,518.83,521.72,517.91,1066408064
2005-12-12,521.512,520.62,522.73,519.83,994964736
2005-12-13,523.218,521.51,524.89,520.34,1256317568
2005-12-14,524.576,523.22,526.17,522.61,1188794880
2005-12-15,524.343,524.58,525.87,522.39,1159698176
2005-12-16,522.93,524.34,526.2,522.9,1907145856
2005-12-19,518.148,522.93,523.33,518.03,1178696320
2005-12-20,518.096,518.15,520.27,516.79,1097130368
2005-12-21,519.88,518.1,521.92,518.09,1053491520
2005-12-22,522.311,519.88,522.41,519.7,923350784
2005-12-23,522.833,522.31,523.73,521.87,603179968
2005-12-26,522.833,522.31,523.73,521.87,603179968
2005-12-27,517.765,522.83,524.58,517.75,761984960
2005-12-28,518.808,522.83,522.83,517.48,730624320
2005-12-29,516.802,518.81,519.94,516.56,682341376
2005-12-30,513.714,518.81,518.81,513.4,756294784
2006-01-02,513.714,518.81,518.81,513.4,756294784
2006-01-03,521.13,513.71,522.07,510.91,1365996416
2006-01-04,523.784,521.13,524.3,521,1320361472
2006-01-05,523.903,523.78,525.47,522.7,1268922752
2006-01-06,529.14,523.9,529.33,523.9,1410694272
2006-01-09,531.638,529.14,532.2,528.6,1248650496
2006-01-10,531.601,531.64,531.64,528.99,1246365568
2006-01-11,533.178,531.6,533.49,530.76,1349018880
2006-01-12,529.634,533.18,533.18,529.12,1245791232
2006-01-13,529.361,529.63,530.42,527.54,1129975936
2006-01-16,529.361,529.63,530.42,527.54,1129975936
2006-01-17,526.934,529.36,529.36,525.27,1120519040
2006-01-18,524.537,526.93,526.93,522.33,1400962304
2006-01-19,527.435,524.54,529.13,524.54,1404435584
2006-01-20,516.086,527.43,527.43,515.68,1573626112
2006-01-23,516.106,516.09,518.1,515.25,1318201472
2006-01-24,518.248,516.11,519.5,516.11,1678643712
2006-01-25,516.736,518.25,520.45,514.98,1754229248
2006-01-26,519.96,516.74,520.62,516.74,1887290240
2006-01-27,523.611,519.96,525.09,519.96,1768519936
2006-01-30,523.862,523.61,525.18,523.56,1508880768
2006-01-31,522.444,523.86,524.32,520.8,1853673472
2006-02-01,523.931,522.44,524.12,521.04,1739308160
2006-02-02,519.379,523.93,523.93,518.39,1613913472
2006-02-03,516.337,519.38,519.38,515.26,1633327872
2006-02-06,515.462,516.34,516.8,513.89,1334560384
2006-02-07,511.597,515.46,516.17,510.93,1621929344
2006-02-08,516.097,511.6,516.43,511.6,1637294080
2006-02-09,515.284,516.1,519.95,514.89,1602835584
2006-02-10,516.761,515.28,517.8,512,1400765696
2006-02-13,514.212,516.76,516.76,512.58,1133220096
2006-02-14,519.667,514.21,520.47,513.73,1421689472
2006-02-15,522.121,519.67,522.25,518.4,1473355520
2006-02-16,525.468,522.12,525.47,521.93,1478252928
2006-02-17,523.721,525.47,525.47,522.92,1496209920
2006-02-20,523.721,525.47,525.47,522.92,1496209920
2006-02-21,521.086,523.72,524.98,520.13,1263582976
2006-02-22,524.81,521.09,525.63,521.06,1443149568
2006-02-23,523.175,524.81,525.9,522,1341406208
2006-02-24,523.558,523.17,524.32,521.46,1137686912
2006-02-27,526.775,523.56,528.19,523.56,1253759744
2006-02-28,520.816,526.77,526.77,519.91,1625360512
2006-03-01,525.925,520.82,526.28,520.82,1604156416
2006-03-02,524.824,525.92,526.28,522.65,1528443648
2006-03-03,523.993,524.82,528.5,522.72,1513725440
2006-03-06,520.686,523.99,524.7,519.53,1383322752
2006-03-07,518.84,520.69,520.69,517.23,1368177536
2006-03-08,520.192,518.84,521.12,515.93,1527933952
2006-03-09,517.247,520.19,522.13,517.25,1350549632
2006-03-10,520.686,517.25,521.92,516.39,1312575104
2006-03-13,521.361,520.69,523.19,520.46,1202892416
2006-03-14,526.625,521.36,526.85,520.29,1364506880
2006-03-15,528.966,526.63,529.44,525.55,1481290496
2006-03-16,528.486,528.97,531.46,528.49,1502013824
2006-03-17,530.251,528.49,531.04,528.49,1854200448
2006-03-20,530.473,530.25,531.95,529.59,1294137728
2006-03-21,527.047,530.47,533.34,526.59,1548231680
2006-03-22,529.732,527.05,530.14,525.99,1440287616
2006-03-23,528.409,529.73,529.83,526.56,1330243712
2006-03-24,529.075,528.41,530.5,527.18,1214861696
2006-03-27,528.185,529.07,529.67,527.48,1163605120
2006-03-28,525.193,528.18,530,524.45,1342124160
2006-03-29,529.921,525.19,531.12,525.19,1547441664
2006-03-30,529.837,529.92,533.31,527.98,1365673216
2006-03-31,528.043,529.84,531.2,527.88,1329803776
2006-04-03,528.261,528.04,532.76,527.82,1357617792
2006-04-04,530.46,528.26,531.01,526.99,1308345216
2006-04-05,532.154,530.46,532.87,529.62,1377627904
2006-04-06,532.145,532.15,533.27,529.32,1457350912
2006-04-07,527.237,532.15,534.54,526.78,1288242816
2006-04-10,526.884,527.24,528.29,525.24,1188926848
2006-04-11,522.951,526.88,528.04,521.2,1350868992
2006-04-12,523.887,522.95,524.81,522.84,1113955456
2006-04-13,524.442,523.89,525.67,522.12,1113474176
2006-04-14,524.442,523.89,525.67,522.12,1113474176
2006-04-17,521.303,524.44,525.28,519.25,1175725312
2006-04-18,529.413,521.3,530,521.3,1630900864
2006-04-19,530.969,529.41,531.03,527.45,1576969856
2006-04-20,531.96,530.97,534.41,530.14,1594509568
2006-04-21,530.367,531.96,534.41,528.38,1650942208
2006-04-24,529.14,530.37,530.37,527.54,1334531072
2006-04-25,527.142,529.14,529.76,525.93,1564197760
2006-04-26,528.338,527.14,530.46,527.14,1523245696
2006-04-27,529.536,528.34,531.77,524.52,1869315200
2006-04-28,527.043,529.54,529.84,526.51,1906285568
2006-05-01,524.925,527.04,529.51,524.93,1519365760
2006-05-02,526.485,524.93,527.11,524.85,1499375360
2006-05-03,524.525,526.48,526.6,523.17,1625861120
2006-05-04,527.173,524.52,527.86,524.52,1518849792
2006-05-05,532.527,527.17,532.82,527.17,1456386048
2006-05-08,532.87,532.53,533.57,532.01,1342171904
2006-05-09,532.112,532.87,532.87,531.29,1385673728
2006-05-10,530.303,532.11,532.11,528.76,1353873280
2006-05-11,523.321,530.3,530.3,522.47,1604300288
2006-05-12,517.999,523.32,523.32,517.74,1561187840
2006-05-15,519.402,518,519.51,515.07,1459944960
2006-05-16,518.043,519.4,520.63,517.32,1496668544
2006-05-17,510.39,518.04,518.04,509.66,1737478656
2006-05-18,506.995,510.39,512.31,506.99,1555401088
2006-05-19,508.434,507,509.78,504.15,1983549824
2006-05-22,505.368,508.43,508.43,502.05,1650683136
2006-05-23,502.928,505.37,510.14,502.93,1598542848
2006-05-24,504.625,502.93,506.42,498.68,1903505152
2006-05-25,510.017,504.63,510.12,504.53,1504147328
2006-05-26,512.503,510.02,512.62,510.01,1131701504
2006-05-29,512.503,510.02,512.62,510.01,1131701504
2006-05-30,504.498,512.5,512.5,504.49,1321249152
2006-05-31,508.454,504.5,508.82,504.45,1693239808
2006-06-01,515.235,508.45,515.23,508.31,1527716864
2006-06-02,515.252,515.23,517.13,512.4,1292959104
2006-06-05,505.545,515.25,515.25,505.34,1213373696
2006-06-06,504.455,505.55,507.28,500.95,1573626112
2006-06-07,501.58,504.46,508.3,501.42,1494827776
2006-06-08,501.76,501.58,502.74,492.78,2056012928
2006-06-09,499.768,501.76,504.49,499.09,1252655360
2006-06-12,492.233,499.77,500.64,492.18,1302256256
2006-06-13,489.04,492.23,495.6,488.62,1824603520
2006-06-14,492.617,489.04,493,488.52,1597560448
2006-06-15,503.015,492.62,503.89,492.61,1679751552
2006-06-16,501.285,503.02,503.52,499.54,1708045056
2006-06-19,496.986,501.29,503.08,495.75,1286846464
2006-06-20,496.554,496.99,499.99,495.99,1200692864
2006-06-21,502.448,496.55,504.52,496.55,1381351936
2006-06-22,498.604,502.45,502.45,496.94,1225584000
2006-06-23,498.652,498.6,502.1,496.86,1239514368
2006-06-26,499.903,498.65,500.13,497.48,1110684800
2006-06-27,494.267,499.9,500.7,494.12,1313757312
2006-06-28,495.837,494.27,496.39,492.17,1231864448
2006-06-29,507.286,495.83,507.29,495.83,1538351360
2006-06-30,505.896,507.29,508.48,505.78,1722877184
2006-07-03,509.21,505.9,509.25,505.89,613615232
2006-07-04,509.21,505.9,509.25,505.89,613615232
2006-07-05,503.853,509.21,509.21,502.11,1270375680
2006-07-06,504.817,503.85,507.09,503.64,1271236864
2006-07-07,500.03,504.82,504.82,499.06,1404704512
2006-07-10,499.3,500.03,502.8,497.92,1239991296
2006-07-11,501.37,499.3,501.76,495.82,1668158464
2006-07-12,494.837,501.37,501.37,494.37,1501274624
2006-07-13,487.778,494.84,494.84,487.41,1737803136
2006-07-14,484.186,487.78,487.8,481.44,1570432384
2006-07-17,484.139,484.19,486.89,482.66,1295381888
2006-07-18,484.48,484.14,486.37,478.83,1675174400
2006-07-19,493.894,484.48,495.01,484.08,1956108160
2006-07-20,487.441,493.89,495.29,487.44,1783914368
2006-07-21,482.724,487.44,487.53,482.01,2077699200
2006-07-24,491.175,482.72,491.59,482.71,1547085312
2006-07-25,494.592,491.18,495.88,489.35,1625903872
2006-07-26,492.677,494.59,494.93,490.14,1754471168
2006-07-27,489.893,492.68,495.47,489.24,1765442560
2006-07-28,496.561,489.89,497.06,489.89,1516288768
2006-07-31,496.025,496.56,497.31,494.75,1404140160
2006-08-01,492.341,496.02,496.02,490.06,1237834624
2006-08-02,495.83,492.34,497.93,492.31,1346945792
2006-08-03,497.524,495.83,499.04,492.3,1424772864
2006-08-04,496.638,497.52,503.09,493.95,1359191424
2006-08-07,494.717,496.64,496.64,493.45,1072319104
2006-08-08,492.37,494.72,496.96,490.88,1281837440
2006-08-09,490.408,492.37,497.7,489.87,1432579840
2006-08-10,493.432,490.41,493.96,488.59,1237172608
2006-08-11,490.557,493.43,493.43,488.84,1031448704
2006-08-14,492.226,490.56,497.02,490.56,1122054784
2006-08-15,500.37,492.23,500.44,492.21,1238547072
2006-08-16,506.874,500.37,506.99,500.28,1396023040
2006-08-17,507.943,506.87,509.91,505.81,1343359232
2006-08-18,509.23,507.94,509.37,505.44,1189534976
2006-08-21,506.056,509.23,509.23,504.95,911084416
2006-08-22,506.182,506.06,508.4,504.5,1060928000
2006-08-23,503.278,506.14,507.43,501.92,973810432
2006-08-24,503.491,503.28,504.77,501.27,987657344
2006-08-25,503.531,503.49,505.16,501.77,860256128
2006-08-28,507.02,503.53,508.31,503.45,913222208
2006-08-29,509.088,507.02,509.37,504.74,1096723200
2006-08-30,510.424,509.09,511,508.4,1040618496
2006-08-31,510.732,510.42,511.61,509.78,1105577856
2006-09-01,513.55,510.73,514.27,510.73,889305984
2006-09-04,513.55,510.73,514.27,510.73,889305984
2006-09-05,514.359,513.55,514.87,512.19,1071593280
2006-09-06,508.321,514.36,514.36,508,1129324416
2006-09-07,505.559,508.32,508.96,504.53,1213182848
2006-09-08,508.411,505.56,508.95,505.56,1028338432
2006-09-11,509.898,508.41,511.19,505.15,1249113344
2006-09-12,516.972,509.9,517.44,509.89,1441250176
2006-09-13,518.922,516.97,519.49,515.89,1321810944
2006-09-14,518.203,518.92,518.94,516.79,1238638080
2006-09-15,520.325,518.2,522.29,518.2,1834652416
2006-09-18,520.19,520.32,522.3,518.79,1218422016
2006-09-19,518.67,520.19,520.5,515.54,1308420096
2006-09-20,522.416,518.67,523.69,518.66,1450789248
2006-09-21,518.156,522.42,523.56,517.23,1353535232
2006-09-22,515.698,518.16,518.16,514.04,1138160384
2006-09-25,520.607,515.7,521.61,513.9,1373061888
2006-09-26,524.522,520.61,524.65,519.86,1431068672
2006-09-27,524.924,524.52,526.6,523.41,1436921472
2006-09-28,526.209,524.92,526.55,523.05,1187714944
2006-09-29,524.28,526.21,526.37,524.2,1122262656
2006-10-02,521.756,524.28,525.34,521.33,1134283776
2006-10-03,523.136,521.76,524.57,519.46,1335854080
2006-10-04,530.699,523.14,530.7,521.95,1513376000
2006-10-05,533.303,530.7,533.43,529.89,1353757824
2006-10-06,531.62,533.3,533.3,529.63,1241295488
2006-10-09,532.776,531.62,533.87,530.34,1003367360
2006-10-10,533.466,532.78,534.26,531.38,1231344768
2006-10-11,531.978,533.47,533.97,529.11,1320166784
2006-10-12,537.731,531.98,537.81,531.97,1306310144
2006-10-13,538.586,537.73,539.05,536.65,1218479232
2006-10-16,540.348,538.59,540.91,538.51,1121779840
2006-10-17,537.349,540.35,540.35,534.36,1297419648
2006-10-18,537.651,537.35,541.47,535.85,1395068160
2006-10-19,538.273,537.65,539.29,535.81,1383328256
2006-10-20,538.598,538.27,538.99,536.07,1386307840
2006-10-23,542.423,538.6,543.2,536.86,1261242496
2006-10-24,541.98,542.42,542.96,539.99,1315958784
2006-10-25,543.04,541.98,543.7,540.31,1453596928
2006-10-26,546.517,543.04,546.63,541.35,1429881856
2006-10-27,541.202,546.52,546.52,540.57,1346433792
2006-10-30,542.353,541.2,543.69,539.33,1139735296
2006-10-31,542.461,542.35,544.25,540.42,1257483520
2006-11-01,537.629,542.46,544.27,536.74,1304414464
2006-11-02,537.51,537.63,538.33,534.92,1226929664
2006-11-03,536.021,537.51,539.4,534.11,1129570176
2006-11-06,542.415,536.02,543.16,536.01,1199625856
2006-11-07,544.355,542.42,546.64,541.89,1275744000
2006-11-08,544.892,544.36,546.07,540.98,1354238208
2006-11-09,541.446,544.89,547.05,541.03,1520001664
2006-11-10,543.189,541.45,543.19,541.01,1099801600
2006-11-13,544.868,543.19,546.45,542.69,1064511104
2006-11-14,549.591,544.87,549.86,543.09,1244782080
2006-11-15,552.062,549.59,554.45,549.47,1304767616
2006-11-16,554.187,552.06,555.25,552.04,1270430720
2006-11-17,553.838,554.19,554.19,551.51,1281275520
2006-11-20,553.667,553.84,555.07,552.14,1101939712
2006-11-21,555.03,553.67,555.36,553.63,1116810624
2006-11-22,557.725,555.03,557.76,555,1034185088
2006-11-23,557.725,555.03,557.76,555,1034185088
2006-11-24,555.75,557.72,557.72,554.61,396706816
2006-11-27,546.221,555.75,555.75,546.08,1224589184
2006-11-28,547.921,546.22,548.4,543.95,1259675264
2006-11-29,552.328,547.92,552.83,547.82,1178082816
2006-11-30,552.41,552.33,554.63,549.71,1769810176
2006-12-01,550.112,552.41,553.51,545.74,1323893888
2006-12-04,556.989,550.11,558.33,550.11,1128004992
2006-12-05,559.179,556.99,559.53,556.49,1231450496
2006-12-06,558.597,559.18,559.76,557.37,1121108608
2006-12-07,555.612,558.6,560.85,555.35,1162840576
2006-12-08,556.486,555.61,558.33,553.85,1005511168
2006-12-11,556.619,556.49,558.39,555.12,1038307904
2006-12-12,554.789,556.62,556.62,552.27,1165965696
2006-12-13,554.826,554.79,557.09,554.07,1078878720
2006-12-14,559.497,554.83,560.26,554.81,1179891712
2006-12-15,559.828,559.5,561.88,559.49,1687026816
2006-12-18,557.565,559.83,562.16,556.54,1172330240
2006-12-19,557.931,557.57,559.22,553.62,1211747456
2006-12-20,557.216,557.93,559.84,557.09,1015928192
2006-12-21,554.498,557.22,558.1,553.38,1007488768
2006-12-22,551.299,554.5,554.61,551.15,769134144
2006-12-25,551.299,554.5,554.61,551.15,769134144
2006-12-26,553.106,551.3,553.46,550.9,581928960
2006-12-27,556.552,553.11,556.85,553.07,702860736
2006-12-28,555.771,556.55,556.9,554.96,656370880
2006-12-29,553.662,555.77,557.26,553.19,731925952
2007-01-01,553.662,555.77,557.26,553.19,731925952
2007-01-02,553.662,555.77,557.26,553.19,731925952
2007-01-03,554.458,553.66,559.9,550.24,1587510272
2007-01-04,557.896,554.46,559.25,552.35,1355736960
2007-01-05,554.553,557.9,557.9,552.51,1319180928
2007-01-08,556.134,554.55,557.26,552.69,1201897600
2007-01-09,557.369,556.13,558.45,554.35,1342723200
2007-01-10,560.119,557.37,560.67,554.04,1318189696
2007-01-11,565.462,560.12,566.16,560.12,1359937920
2007-01-12,568.251,565.46,568.44,564.67,1304215168
2007-01-15,568.251,565.46,568.44,564.67,1304215168
2007-01-16,569.1,568.25,569.76,567.67,1240300800
2007-01-17,567.751,569.1,570.1,566.84,1328367872
2007-01-18,564.307,567.75,567.8,563.37,1381888000
2007-01-19,565.167,564.31,565.77,563.1,1324355200
2007-01-22,561.271,565.17,565.52,559.97,1186235776
2007-01-23,562.578,561.27,564.74,560.48,1255284736
2007-01-24,567.996,562.58,568,562.56,1281768832
2007-01-25,561.804,568,568.39,561.29,1375630592
2007-01-26,560.784,561.8,563.22,559.17,1209449472
2007-01-29,560.908,560.78,563.48,559.84,1166556416
2007-01-30,563.135,560.91,563.46,560.91,1157959296
2007-01-31,567.639,563.14,568.93,561.61,1330742144
2007-02-01,570.164,567.64,570.77,567.63,1302125440
2007-02-02,570.854,570.16,571.79,569.83,1067706624
2007-02-05,570.087,570.85,571.2,568.89,1083914240
2007-02-06,570.568,570.09,571.15,567.88,1162983680
2007-02-07,572.401,570.57,573.66,570.49,1156887040
2007-02-08,571.766,572.4,572.78,570.11,1175824512
2007-02-09,567.067,571.77,573.44,565.4,1191969152
2007-02-12,564.782,567.07,567.41,563.96,962576448
2007-02-13,567.863,564.78,568,564.71,1069379200
2007-02-14,573.204,567.86,573.99,567.8,1162215296
2007-02-15,575.002,573.2,575.45,572.84,1013137408
2007-02-16,574.12,575,575,572.44,1092623104
2007-02-19,574.12,575,575,572.44,1092623104
2007-02-20,576.946,574.12,577.19,571.8,1135427200
2007-02-21,576.666,576.95,576.95,574.1,1094897920
2007-02-22,576.268,576.67,578.49,573.87,1135303680
2007-02-23,574.735,576.27,576.27,573.34,1118173568
2007-02-26,572.999,574.74,576.65,571.12,1148173696
2007-02-27,553.393,573,573,550.46,1826594816
2007-02-28,556.149,553.39,559.32,551.78,1719551616
2007-03-01,554.248,556.15,557.02,545.34,1741518336
2007-03-02,547.36,554.25,554.27,547.29,1456990592
2007-03-05,542.514,547.36,549.24,542.51,1395190912
2007-03-06,550.676,542.51,551.72,542.47,1355195264
2007-03-07,549.293,550.68,552.31,548.74,1247436032
2007-03-08,552.955,549.29,555.54,549.25,1246059520
2007-03-09,553.327,552.95,556.43,551.04,1119373952
2007-03-12,555.549,553.33,556.54,552.23,1181472768
2007-03-13,544.79,555.55,555.55,544.76,1492827776
2007-03-14,548.335,544.79,548.65,539.57,1568896896
2007-03-15,550.043,548.33,550.97,547.8,1117126400
2007-03-16,548.518,550.04,551.82,547.16,1563846400
2007-03-19,554.122,548.52,554.77,548.52,1123161472
2007-03-20,556.968,554.12,557.41,553.71,1182596352
2007-03-21,566.015,556.97,566.71,556.24,1336808064
2007-03-22,565.353,566.02,566.33,563.28,1241234304
2007-03-23,565.486,565.37,566.92,564.56,1060161088
2007-03-26,565.871,565.49,565.87,560.35,1122289152
2007-03-27,561.76,565.87,565.87,560.6,1099874432
2007-03-28,557.486,561.76,561.76,556.16,1221427968
2007-03-29,558.372,557.49,560.77,554.62,1190780544
2007-03-30,558.591,558.37,561.35,554,1202800128
2007-04-02,560.495,558.59,560.76,557.49,1141115648
2007-04-03,566.196,560.49,567.33,560.43,1181791232
2007-04-04,567.702,566.2,568.12,565.82,1034192832
2007-04-05,569.829,567.7,570.13,566.92,921317568
2007-04-06,569.829,567.7,570.13,566.92,921317568
2007-04-09,570.092,569.83,571.54,569.11,971134336
2007-04-10,571.058,570.09,571.8,569.72,1019187328
2007-04-11,567.244,571.06,571.09,566.05,1193412608
2007-04-12,571.4,567.24,571.47,565.21,1131153024
2007-04-13,573.318,571.4,573.48,569.23,1132529280
2007-04-16,579.046,573.32,579.19,573.32,1151176064
2007-04-17,581.055,579.05,581.75,579.04,1274009984
2007-04-18,580.41,581.05,581.94,577.61,1276394752
2007-04-19,579.779,580.41,581.47,576.99,1301772672
2007-04-20,584.673,579.78,585.39,579.75,1561021440
2007-04-23,584.124,584.67,586.13,583.51,1152072832
2007-04-24,584.837,584.12,585.97,581.78,1390181760
2007-04-25,589.892,584.84,590.38,584.64,1510527104
2007-04-26,590.064,589.89,591.52,588.92,1463270656
2007-04-27,590.632,590.06,591.96,588.83,1255799808
2007-04-30,584.621,590.63,590.88,584.61,1317165952
2007-05-01,586.448,584.62,586.78,582.13,1469075584
2007-05-02,591.28,586.45,592.59,586.41,1276759296
2007-05-03,593.046,591.28,593.81,591.28,1222942592
2007-05-04,594.482,593.05,595.88,592.63,1227127680
2007-05-07,595.272,594.48,596.38,594.4,973907456
2007-05-08,594.764,595.27,595.27,591.61,1125970048
2007-05-09,596.838,594.76,597.3,592.9,1224631936
2007-05-10,588.409,596.84,596.84,588.35,1217700992
2007-05-11,593.498,588.41,593.59,588.34,1048359104
2007-05-14,591.637,593.5,595.38,589.8,1089529856
2007-05-15,589.393,591.64,595.05,589.08,1271958016
2007-05-16,594.202,589.39,594.21,588.77,1170933888
2007-05-17,593.334,594.2,595.05,592.21,1140331776
2007-05-18,597.42,593.33,597.59,593.33,1292546304
2007-05-21,598.906,597.42,600.7,597.42,1170333696
2007-05-22,599.451,598.91,600.85,597.83,1107811840
2007-05-23,598.65,599.45,603.18,598.49,1182243072
2007-05-24,592.592,598.65,601.83,591.63,1392473984
2007-05-25,595.819,592.59,596.61,592.59,906438912
2007-05-28,595.819,592.59,596.61,592.59,906438912
2007-05-29,597.802,595.82,599.22,595.17,1079435264
2007-05-30,602.89,597.8,602.89,594.61,1225297792
2007-05-31,604.819,602.89,605.89,602.88,1420680320
2007-06-01,606.974,604.82,608.97,604.82,1091330304
2007-06-04,608.664,606.97,609.09,605.35,1110007424
2007-06-05,605.682,608.66,608.66,603.27,1274167296
2007-06-06,599.774,605.68,605.68,598.44,1223925120
2007-06-07,589.029,599.77,599.78,588.98,1460464896
2007-06-08,595.833,589.03,595.83,587.71,1187708928
2007-06-11,595.676,595.82,598.09,593.9,972014848
2007-06-12,590.022,595.68,596.47,590.01,1200049280
2007-06-13,598.028,590.02,598.05,589.88,1235127296
2007-06-14,601.162,598.03,602.29,598.01,1101209600
2007-06-15,605.389,601.16,607.38,601.16,1608227840
2007-06-18,604.516,605.39,606.19,603.47,943291648
2007-06-19,605.192,604.52,605.87,601.8,1129065600
2007-06-20,598.986,605.19,607.11,598.86,1238203264
2007-06-21,602.566,598.99,602.64,595.62,1242430208
2007-06-22,595.389,602.57,602.57,594.94,1620108032
2007-06-25,592.71,595.39,598.89,590.74,1300548480
2007-06-26,590.791,592.71,595.67,589.6,1319621376
2007-06-27,596.718,590.79,596.84,587.83,1321048320
2007-06-28,596.407,596.72,599.93,596.28,1162804992
2007-06-29,595.22,596.41,600.61,591.77,1283031424
2007-07-02,601.631,595.22,601.63,595.22,1032594752
2007-07-03,603.802,601.63,603.92,601.55,589128512
2007-07-04,603.802,601.63,603.92,601.55,589128512
2007-07-05,606.011,603.8,606.42,602.65,1109838464
2007-07-06,609.188,605.97,609.87,604.59,960576128
2007-07-09,609.554,609.19,610.61,607.91,1061439360
2007-07-10,602.349,609.55,609.55,602.29,1283873664
2007-07-11,605.611,602.35,605.78,600.78,1163846144
2007-07-12,616.862,605.61,616.88,605.6,1342541568
2007-07-13,618.208,616.86,618.66,615.19,1045340736
2007-07-16,617.239,618.21,619.68,616.07,1017706816
2007-07-17,617.895,617.24,619.86,616.8,1225444608
2007-07-18,616.858,617.9,617.9,612.31,1359888640
2007-07-19,620.959,616.86,621.65,616.84,1296406528
2007-07-20,614.514,620.96,620.96,612.12,1547632640
2007-07-23,617.459,614.51,620.21,614.51,1188372736
2007-07-24,606.643,617.46,617.46,605.66,1500776704
2007-07-25,608.063,606.64,611.22,603.55,1493833728
2007-07-26,595.585,608.06,608.06,588.54,2093318528
2007-07-27,586.798,595.59,597.9,586.8,1666293248
2007-07-30,593.149,586.8,594.55,585.71,1485865856
2007-07-31,585.625,593.15,598.84,585.27,1660060672
2007-08-01,589.157,585.63,589.83,579.46,1785332352
2007-08-02,593.435,589.16,595.01,588.1,1453277312
2007-08-03,579.437,593.44,593.64,579.41,1561438976
2007-08-06,589.713,579.44,589.71,577.02,1631029632
2007-08-07,592.778,589.71,596.81,584.77,1648951296
2007-08-08,601.303,592.78,604,592.72,1877026816
2007-08-09,585.693,601.3,601.3,585.69,2002143744
2007-08-10,585.069,585.69,588.43,575.36,1853690240
2007-08-13,586.058,585.07,590.46,585.03,1277693568
2007-08-14,575.115,586.06,587.53,575.11,1306681472
2007-08-15,565.495,575.02,578.82,564.97,1425871104
2007-08-16,562.13,565.49,565.49,547.38,2145651712
2007-08-17,574.14,562.13,577.24,562.13,1799858688
2007-08-20,575.297,574.14,577.65,570,1102768384
2007-08-21,576.487,575.3,578.61,573.03,1063978432
2007-08-22,584.255,576.49,584.72,576.44,1085899776
2007-08-23,583.707,584.25,587.43,580.39,1036299200
2007-08-24,591.479,583.71,591.48,583.1,931984768
2007-08-27,587.223,591.48,591.48,587,820901952
2007-08-28,574.516,587.22,587.22,574.3,1048819328
2007-08-29,587.646,574.52,587.65,574.48,1052716928
2007-08-30,586.765,587.65,590.96,583.42,1039467136
2007-08-31,594.188,586.76,596.65,586.75,1082962816
2007-09-03,594.188,586.76,596.65,586.75,1082962816
2007-09-04,600.784,594.19,603.57,593.67,1131468672
2007-09-05,595.325,600.78,600.78,592.85,1137208704
2007-09-06,597.995,595.33,599.44,594.29,1061675776
2007-09-07,587.432,598,598,585.59,1153211904
2007-09-10,586.611,587.43,591.37,581.42,1065488960
2007-09-11,594.598,586.61,595,586.61,1042051136
2007-09-12,594.092,594.6,597.76,592.64,1101795200
2007-09-13,597.336,594.09,599.94,594.07,999639424
2007-09-14,597.673,597.34,598.3,592.72,952541888
2007-09-17,593.899,597.67,597.67,592.31,844787904
2007-09-18,609.957,593.9,609.96,593.89,1296146816
2007-09-19,613.3,609.96,616.89,609.95,1288557696
2007-09-20,610.805,613.3,613.92,609.89,995588736
2007-09-21,614.146,610.8,616.18,610.8,1704915584
2007-09-24,612.392,614.15,617.09,611.39,1099155072
2007-09-25,613.569,612.39,613.86,608.64,1079332608
2007-09-26,616.768,613.57,618.02,613.54,1071125376
2007-09-27,619.66,616.77,620.13,616.75,902042944
2007-09-28,618.522,619.66,621.53,616.39,983968000
2007-10-01,626.146,618.52,626.91,618.52,1078782336
2007-10-02,625.943,626.15,626.41,623.38,940449024
2007-10-03,622.805,625.94,625.94,621.4,975927936
2007-10-04,623.366,622.8,623.84,620.74,848528256
2007-10-05,630.456,623.37,631.89,623.36,961784960
2007-10-08,629.993,630.46,630.62,627.95,710850368
2007-10-09,635.05,629.99,635.05,629.99,965986368
2007-10-10,636.09,635.05,637.06,632.88,908117312
2007-10-11,630.93,636.09,641.33,627.5,1189741184
2007-10-12,635.663,630.93,635.99,630.93,961092480
2007-10-15,630.059,635.66,636.9,626.9,1046065920
2007-10-16,627.059,630.06,630.06,625.85,1040020288
2007-10-17,629.649,627.06,632.86,623.31,1205331840
2007-10-18,631.117,629.65,632.03,626.27,1017207808
2007-10-19,614.536,631.12,631.16,614.45,1435270272
2007-10-22,617.483,614.54,617.85,610.01,1083028736
2007-10-23,624.991,617.48,625.11,617.48,1216328064
2007-10-24,623.842,624.99,624.99,613.25,1422535168
2007-10-25,623.264,623.84,627.2,618.64,1418585856
2007-10-26,630.677,623.26,631.13,623.26,1212279936
2007-10-29,633.57,630.68,634.85,630.66,996121024
2007-10-30,630.914,633.57,633.98,630.26,982989376
2007-10-31,639.193,630.91,639.86,630.51,1276514688
2007-11-01,626.175,639.19,639.19,625.71,1288610944
2007-11-02,629.142,626.18,630.19,622.4,1280818816
2007-11-05,625.869,629.14,629.14,621.18,1112311552
2007-11-06,633.315,625.87,633.39,624.41,1224760192
2007-11-07,617.795,633.2,633.2,617.73,1291972096
2007-11-08,613.277,617.8,619.19,603.45,1758295808
2007-11-09,601.401,613.28,613.28,601.08,1469615232
2007-11-12,593.194,601.4,604.11,593.02,1428819456
2007-11-13,609.899,593.19,609.9,593.11,1372566912
2007-11-14,605.838,609.9,613.48,604.46,1283647616
2007-11-15,600.282,605.84,607.78,597.17,1184349440
2007-11-16,604.738,600.28,605.09,597.85,1397134592
2007-11-19,595.609,604.74,604.74,594.4,1214015744
2007-11-20,598.169,595.61,604.51,590.3,1414226944
2007-11-21,589.438,598.17,598.17,587.97,1177216384
2007-11-22,589.438,598.17,598.17,587.97,1177216384
2007-11-23,598.242,589.44,598.34,589.4,479988224
2007-11-26,587.112,598.24,602.17,586.83,1155145216
2007-11-27,595.328,587.11,595.68,586.88,1250544768
2007-11-28,612.015,595.33,613.26,595.26,1314804736
2007-11-29,613.19,612.01,614.89,608.69,1067942976
2007-11-30,614.815,613.19,619.01,610.59,1459440128
2007-12-03,611.208,614.82,615.55,610.78,1030983808
2007-12-04,608.506,611.21,611.41,606.99,1033855808
2007-12-05,617.427,608.5,618.13,608.33,1172928640
2007-12-06,625.605,617.43,625.91,616.76,996111232
2007-12-07,625.818,625.6,627.57,624.54,871405184
2007-12-10,629.683,625.82,630.71,625.78,858825664
2007-12-11,614.624,629.68,631.89,614.01,1156547968
2007-12-12,618.606,614.62,627.81,611.63,1284110080
2007-12-13,619.514,618.61,619.82,612.74,1111313920
2007-12-14,612.19,619.51,619.51,612.12,972954752
2007-12-17,601.602,612.19,612.19,601.58,1053419136
2007-12-18,604.804,601.6,606.78,597.28,1076123904
2007-12-19,604.861,604.8,608.07,601.57,1008515840
2007-12-20,609.652,604.86,609.69,604.23,1004941120
2007-12-21,619.434,609.65,619.64,609.58,1665041792
2007-12-24,624.199,619.43,624.72,619.41,366780032
2007-12-25,624.199,619.43,624.72,619.41,366780032
2007-12-26,624.814,624.2,625.22,620.77,550927168
2007-12-27,615.893,624.81,624.81,615.84,651285952
2007-12-28,616.536,615.89,620.02,613.97,660652672
2007-12-31,611.944,616.54,616.54,611.37,738167168
2008-01-01,611.944,616.54,616.54,611.37,738167168
2008-01-02,603.272,611.94,613.25,601,1146983040
2008-01-03,603.212,603.27,606.61,601.31,1026914112
2008-01-04,585.918,603.21,603.21,585.77,1325852928
2008-01-07,586.088,585.92,589.82,580.49,1404312832
2008-01-08,576.968,586.09,592.61,576.6,1459019008
2008-01-09,584.698,576.97,584.7,571.97,1602255104
2008-01-10,588.465,584.7,591.81,579.69,1542468992
2008-01-11,579.048,588.47,588.47,576.64,1379269504
2008-01-14,585.98,579.05,586.76,579.05,1154761600
2008-01-15,571.623,585.98,585.98,571.13,1448522880
2008-01-16,566.394,571.62,573.87,561.24,1888625152
2008-01-17,552.032,566.39,569.66,551.28,1755501696
2008-01-18,551.219,552.03,559.55,546.33,1925027968
2008-01-21,551.219,552.03,559.55,546.33,1925027968
2008-01-22,542.467,551.22,551.22,530.04,2069754240
2008-01-23,549.634,542.47,549.83,521.88,2198088192
2008-01-24,557.421,549.63,558.04,549.63,1707439616
2008-01-25,549.17,557.42,564.5,548.07,1565186176
2008-01-28,556.918,549.17,556.91,545.93,1261304960
2008-01-29,558.28,556.91,559.48,553.72,1255107712
2008-01-30,555.122,558.28,566.04,554.17,1442232576
2008-01-31,563.891,555.12,567.17,547.38,1743374592
2008-02-01,571.232,563.89,571.62,562.61,1668479616
2008-02-04,566.312,571.23,571.23,565.95,1112505216
2008-02-05,549.931,566.31,566.31,549.93,1370780800
2008-02-06,544.442,549.93,555.68,543.68,1366618496
2008-02-07,548.609,544.44,553.29,539.98,1578890496
2008-02-08,549.318,548.61,552.79,544.91,1212407040
2008-02-11,555.197,549.32,555.99,546.86,1156088576
2008-02-12,557.219,555.2,563.32,553.81,1200322688
2008-02-13,565.903,557.22,566.57,557.11,1160085248
2008-02-14,557.939,565.9,565.95,557.25,1139328640
2008-02-15,557.177,557.94,557.94,552.82,1187314816
2008-02-18,557.177,557.94,557.94,552.82,1187314816
2008-02-19,556.937,557.18,564.04,555.38,1086564864
2008-02-20,562.154,556.94,563.3,553.12,1178748800
2008-02-21,555.359,562.15,565.96,554.21,1167227392
2008-02-22,558.531,555.36,558.93,548.94,1168956544
2008-02-25,566.478,558.53,567.38,556.91,1185235840
2008-02-26,571.045,566.48,573.54,563.14,1224480000
2008-02-27,570.182,571.05,573.43,567.03,1163315072
2008-02-28,565.888,570.18,570.18,563.71,1091779968
2008-02-29,551.915,565.89,565.89,549.94,1414387328
2008-03-03,552.434,551.91,554.14,547.69,1157450880
2008-03-04,551.07,548.55,552.73,543.13,1403886208
2008-03-05,555.153,551.07,558.33,549.55,1267665280
2008-03-06,543.908,555.15,555.15,543.57,1216498304
2008-03-07,538.72,543.91,546.78,534.17,1284694016
2008-03-10,529.511,538.69,538.69,529.24,1179812352
2008-03-11,545.645,529.51,545.65,529.49,1416158080
2008-03-12,542.212,545.64,550.39,541.69,1167021824
2008-03-13,545.852,542.21,548.16,531.92,1390238848
2008-03-14,535.541,545.85,548.45,530.06,1477338752
2008-03-17,528.729,535.54,535.54,522.34,1448576896
2008-03-18,549.316,528.73,549.32,528.72,1417603200
2008-03-19,536.117,549.32,553.04,536.12,1345735680
2008-03-20,545.409,536.12,545.89,533.98,1728304896
2008-03-21,545.409,536.12,545.89,533.98,1728304896
2008-03-24,556.592,545.41,559.8,545.41,1161262720
2008-03-25,559.879,556.59,561.59,554.55,1104187392
2008-03-26,556.082,559.88,559.88,553.84,1055938688
2008-03-27,549.18,556.08,556.89,549.04,1105154048
2008-03-28,545.381,549.18,553.39,544.29,1016016384
2008-03-31,547.928,545.38,549.35,543.93,1125594496
2008-04-01,565.529,547.93,565.53,547.93,1227106816
2008-04-02,564.544,565.53,568.55,561.92,1048688640
2008-04-03,565.652,564.54,567.87,561.05,961709312
2008-04-04,568.13,565.65,572.15,563.95,947159168
2008-04-07,567.507,568.13,573.67,566.22,902409856
2008-04-08,565.679,567.51,567.51,563.63,890210496
2008-04-09,561.047,565.68,566.86,558.88,950084928
2008-04-10,566.162,561.05,568.46,560.69,1210462720
2008-04-11,554.942,566.16,566.16,554.19,1052491712
2008-04-14,554.219,554.94,557.24,553.35,843689856
2008-04-15,555.473,554.22,557.16,551.31,974902848
2008-04-16,568.063,555.47,568.42,555.42,1111355520
2008-04-17,567.068,568.06,568.24,563.96,936940480
2008-04-18,579.278,567.07,581.22,567.07,1195900032
2008-04-21,580.484,579.28,581.18,576.1,845054976
2008-04-22,573.497,580.48,580.48,570.38,995386624
2008-04-23,576.999,573.5,579.88,573.49,1086969344
2008-04-24,579.403,577,583.17,571.87,1148817408
2008-04-25,581.799,579.4,582.53,574.85,977618112
2008-04-28,581.523,581.8,583.89,580.63,865302912
2008-04-29,579.044,581.52,581.52,576.93,931016576
2008-04-30,576.317,579.04,583.97,575.4,1108685824
2008-05-01,586.479,576.32,586.62,575.54,1128163840
2008-05-02,587.725,586.48,591.08,584.42,1004937728
2008-05-05,585.903,587.72,589.27,584.54,946864576
2008-05-06,590.521,585.9,591.8,582.19,971937472
2008-05-07,581.579,590.52,592.35,581.04,999485184
2008-05-08,585,581.58,586.64,581.57,952921344
2008-05-09,582.37,583.31,583.81,580.39,776467840
2008-05-12,588.571,582.37,589,580.74,796417152
2008-05-13,589.924,588.57,590.95,585.7,959133952
2008-05-14,591.835,589.92,597.63,589.83,941459136
2008-05-15,599.236,591.83,599.46,591.23,955505408
2008-05-16,600.536,599.24,600.82,595.35,1073635264
2008-05-19,599.697,600.54,606.37,597.42,901953088
2008-05-20,595.261,599.7,599.7,592.77,952656768
2008-05-21,585.179,595.26,598.15,584.39,1061532544
2008-05-22,587.057,585.18,589.26,585.06,890495680
2008-05-23,581.234,587.06,587.24,579.16,832503680
2008-05-26,581.234,587.06,587.24,579.16,832503680
2008-05-27,586.769,581.23,587.33,581.15,844127808
2008-05-28,590.292,586.77,590.58,585.11,875171840
2008-05-29,593.75,590.29,596.72,589.83,892545088
2008-05-30,596.628,593.75,598.37,593.75,1070875328
2008-06-02,590.55,596.63,596.63,587.27,899270144
2008-06-03,588.491,590.55,594.89,584.96,1044497536
2008-06-04,590.39,588.49,594.51,587,1016559872
2008-06-05,601.885,590.39,601.9,590.37,997047168
2008-06-06,584.433,601.89,601.89,584.33,1135568384
2008-06-09,585.262,584.43,587.72,579.51,984191936
2008-06-10,583.07,585.26,586.54,580.25,970217472
2008-06-11,573.016,583.07,583.07,573.02,1031959488
2008-06-12,575.284,573.02,580.7,571.9,1092434304
2008-06-13,585.01,575.28,585.01,575.28,1007330688
2008-06-16,585.749,585.01,587.21,581.14,903860864
2008-06-17,583.061,585.75,587.98,582.9,816435904
2008-06-18,577.972,583.06,583.06,576.06,941808704
2008-06-19,582.021,577.97,584.36,575.51,988674752
2008-06-20,571.141,582.02,582.02,569.31,1481927296
2008-06-23,571.619,571.14,574.04,570.45,831900352
2008-06-24,567.616,571.62,573.05,564.97,1032618176
2008-06-25,571.481,567.62,576.66,567.61,1020755264
2008-06-26,555.263,571.48,571.48,555.26,1113635584
2008-06-27,553.916,555.26,557.34,550.37,1453154304
2008-06-30,553.075,553.92,558.03,552.49,1015153600
2008-07-01,555.069,553.07,555.15,544.86,1143268352
2008-07-02,542.273,555.07,557.95,542.27,1066734080
2008-07-03,541.593,542.27,545.21,536.39,655309760
2008-07-04,541.593,542.27,545.21,536.39,655309760
2008-07-07,539.409,541.59,547.95,534.02,1073641024
2008-07-08,546.401,539.41,546.43,533.93,1178552960
2008-07-09,535.934,546.4,548.3,535.84,1042615488
2008-07-10,541.126,535.93,542.39,533.19,1055594048
2008-07-11,537.068,541.13,543.68,530.38,1144145024
2008-07-14,535.396,537.07,543.2,533.12,895949120
2008-07-15,531.701,535.4,538.61,524.44,1229226496
2008-07-16,540.521,531.7,540.54,528.85,1099138816
2008-07-17,543.255,540.52,544.8,538.13,1229260544
2008-07-18,540.773,543.25,543.25,538,1182320384
2008-07-21,542.314,540.77,543.15,539.07,824302976
2008-07-22,544.975,542.31,544.99,537.99,1098254464
2008-07-23,544.39,544.97,547.49,542.81,1171613568
2008-07-24,534.543,544.39,544.91,534.05,1150530688
2008-07-25,539.667,534.54,540.02,534.54,863703168
2008-07-28,531.447,539.67,539.71,531.45,821018048
2008-07-29,541.018,531.45,541.03,531.43,943506432
2008-07-30,549.699,541.02,549.71,540.99,988819072
2008-07-31,542.213,549.71,549.95,541.86,1028832640
2008-08-01,537.992,542.21,543.09,536.24,873674176
2008-08-04,531.279,537.99,538.04,530.42,867239424
2008-08-05,544.329,531.28,544.33,531.27,1031557248
2008-08-06,548.903,544.33,550.06,542.8,930687360
2008-08-07,542.185,548.9,548.9,541.65,909949952
2008-08-08,552.137,542.18,552.4,540.28,886580800
2008-08-11,554.058,552.14,556.71,550.19,885648320
2008-08-12,551.278,554.06,554.32,549.93,811129792
2008-08-13,552.77,551.28,555.23,547.92,813011072
2008-08-14,555.053,552.77,557.12,548.67,714257088
2008-08-15,555.472,555.05,557.24,552.7,825559744
2008-08-18,548.709,555.47,557.2,546.61,679298240
2008-08-19,545.042,548.71,548.71,543.39,733791360
2008-08-20,548.094,545.04,549.19,544.46,745080768
2008-08-21,549.741,548.09,551.17,544.78,631036864
2008-08-22,555.056,549.74,555.41,549.71,579883008
2008-08-25,545.145,555.06,555.06,544.22,610793088
2008-08-26,546.434,545.14,548.09,543.45,601886528
2008-08-27,550.543,546.43,552.13,546.13,569290944
2008-08-28,555.832,550.54,555.83,550.47,630430144
2008-08-29,547.215,555.83,555.83,547.22,702686784
2008-09-01,547.215,555.83,555.83,547.22,702686784
2008-09-02,541.28,547.22,553.79,539.61,834900928
2008-09-03,535.698,541.28,541.28,532.38,901745664
2008-09-04,520.861,535.7,535.7,520.1,1008189056
2008-09-05,521.356,520.86,522.7,511.94,911309824
2008-09-08,526.087,521.36,530.94,519.1,1099331456
2008-09-09,509.756,526.09,526.62,509.76,1155780096
2008-09-10,515.202,509.76,519.29,509.73,1009741312
2008-09-11,523.125,515.2,523.4,508.22,983018816
2008-09-12,526.135,523.12,526.91,517.69,900163136
2008-09-15,506.213,526.13,526.13,506.21,1165625728
2008-09-16,512.167,506.21,513.36,497.02,1468656128
2008-09-17,489.474,512.17,512.17,489.27,1471071488
2008-09-18,505.658,489.47,507.62,481.38,1641058560
2008-09-19,521.062,505.66,524.02,505.66,1936250112
2008-09-22,504.47,521.06,521.28,503.95,849749120
2008-09-23,496.957,504.47,510.07,496.73,886877056
2008-09-24,496.928,496.96,501.3,494.23,825604992
2008-09-25,504.077,496.93,508.17,496.87,874709440
2008-09-26,503.343,504.08,504.08,495.4,807971008
2008-09-29,462.662,503.34,503.34,462.47,1391006976
2008-09-30,483.284,462.66,484.29,462.66,1131940992
2008-10-01,476.754,482.13,483.26,471.14,889718336
2008-10-02,453.736,476.75,476.75,452.91,1062420672
2008-10-03,449.356,453.74,470.04,448.65,1089958272
2008-10-06,430.41,449.36,449.36,409.91,1568642176
2008-10-07,408.537,430.41,437.72,408.48,1369404416
2008-10-08,406.104,408.54,419.99,398.35,1704682752
2008-10-09,381.557,406.1,416.09,380.47,1469476608
2008-10-10,374.773,381.56,391.66,352.65,2221199616
2008-10-13,419.966,374.77,420.46,374.77,1293821696
2008-10-14,409.299,419.97,431.91,400.47,1412574208
2008-10-15,372.17,409.3,409.3,371.35,1309412864
2008-10-16,388.688,372.17,388.85,356.15,1628056576
2008-10-17,388.185,379.62,405.46,377.82,1345940480
2008-10-20,405.354,394.2,405.35,388.18,953212992
2008-10-21,391.104,399.69,405.35,390.34,954691328
2008-10-22,368.725,391.1,391.1,360.34,1278890240
2008-10-23,369.094,368.72,377.19,350.78,1446189056
2008-10-24,357.236,369.09,369.09,346.91,1266694784
2008-10-27,345.286,357.24,362.87,344.71,1049673856
2008-10-28,380.268,345.29,380.28,344.33,1365960064
2008-10-29,380.725,380.27,395.88,375.81,1298477184
2008-10-30,392.916,380.73,396.28,380.7,1150269696
2008-10-31,397.854,392.92,404.17,387.89,1160134528
2008-11-03,395.681,397.85,400.72,392.73,771242560
2008-11-04,410.516,395.68,411.01,395.68,1025232832
2008-11-05,390.448,410.52,410.52,389.79,1014412864
2008-11-06,371.504,390.45,390.45,369.65,1206435968
2008-11-07,381.703,371.5,382.44,371.46,909598400
2008-11-10,377.62,381.7,390.22,373.28,827355776
2008-11-11,368.302,377.62,377.62,363.19,900091648
2008-11-12,350.122,368.3,368.3,349.65,1071473024
2008-11-13,373.052,350.12,373.28,335.39,1529976064
2008-11-14,356.561,373.05,374.08,355.68,1114618880
2008-11-17,348.37,356.56,360.23,347.7,972437248
2008-11-18,351.496,348.37,353.77,339.01,1207541888
2008-11-19,331.784,351.5,354.71,331.78,1201780864
2008-11-20,311.832,331.78,337.81,310.41,1601972224
2008-11-21,330.768,311.83,330.98,308.08,1649896960
2008-11-24,348.997,330.77,353.69,330.77,1356369664
2008-11-25,349.724,349,353.86,341.25,1307511808
2008-11-26,363.248,349.72,363.25,343.89,936838016
2008-11-27,363.248,349.72,363.25,343.89,936838016
2008-11-28,365.344,363.25,365.36,359.83,462550528
2008-12-01,334.647,365.34,365.34,334.6,1069362496
2008-12-02,345.095,334.65,345.44,334.62,1082248448
2008-12-03,353.236,345.1,353.8,336.48,1128006784
2008-12-04,341.75,353.24,354.07,337.04,1085958400
2008-12-05,353.434,341.75,354.21,330.3,1178747648
2008-12-08,366.686,353.43,370.14,353.38,1171753472
2008-12-09,360.715,366.69,371.34,358.62,1082801792
2008-12-10,366.353,360.72,370.17,360.68,898359872
2008-12-11,356.458,366.35,369.31,354.3,962562880
2008-12-12,359.212,356.46,360.48,347.92,952971584
2008-12-15,355.908,359.21,361.87,351.71,829203264
2008-12-16,372.424,355.91,372.57,355.91,1058910976
2008-12-17,370.609,372.42,375.68,366.33,958392384
2008-12-18,363.543,370.61,372.38,360.21,958970496
2008-12-19,365.305,363.54,371.59,363.43,1636445568
2008-12-22,358.798,365.31,365.31,352.63,784940032
2008-12-23,355.866,358.8,362.81,354.21,596406784
2008-12-24,357.369,355.87,358.05,355.05,227688096
2008-12-25,357.369,355.87,358.05,355.05,227688096
2008-12-26,359.426,357.37,359.83,356.81,294146592
2008-12-29,357.691,359.43,359.62,352.79,539676224
2008-12-30,366.366,357.69,366.45,357.59,580237504
2008-12-31,371.181,366.37,373.94,366.1,723961408
2009-01-01,371.181,366.37,373.94,366.1,723961408
2009-01-02,384.313,371.18,385.24,370.4,698612032
2009-01-05,384.784,384.31,387.96,379.79,877074816
2009-01-06,389.259,384.78,392.13,384.78,939213952
2009-01-07,378.381,389.26,389.26,376.27,948965504
2009-01-08,380.235,378.38,380.3,373.21,881876096
2009-01-09,372.165,380.23,380.53,371.16,855741568
2009-01-12,364.444,372.16,372.17,362.04,849799680
2009-01-13,365.219,364.44,368.1,361.05,945276544
2009-01-14,353.734,365.22,365.22,351.3,966005760
2009-01-15,357.144,353.73,359.47,345.41,1099724416
2009-01-16,361.217,357.14,363.23,353.2,1154211456
2009-01-19,361.217,357.14,363.23,353.2,1154211456
2009-01-20,344.58,361.22,361.22,344.39,1055118400
2009-01-21,358.021,344.58,358.47,344.54,1088938752
2009-01-22,352.547,358.02,358.02,346.57,1149527552
2009-01-23,354.984,352.55,358.94,344.58,994623680
2009-01-26,357.417,354.98,363.47,353.53,872634496
2009-01-27,361.022,357.42,363.16,357.24,837963904
2009-01-28,371.345,361.02,373.45,361.01,1002762432
2009-01-29,361.053,371.35,371.35,360.39,940912768
2009-01-30,353.113,361.05,363.22,351.47,1066448576
2009-02-02,353.466,353.11,355.84,347.98,943984960
2009-02-03,360.907,353.47,362.27,351.81,956224960
2009-02-04,360.342,360.91,367.64,358.89,994892224
2009-02-05,367.688,360.34,369.36,356.27,1193793024
2009-02-06,376.59,367.69,377.61,367.12,1060043264
2009-02-09,376.217,376.59,378.67,373.06,836998400
2009-02-10,360.839,376.22,376.57,359.04,1197488128
2009-02-11,362.301,360.84,364.8,357.85,994121600
2009-02-12,364.161,362.3,364.17,353.31,1094264448
2009-02-13,362.131,364.16,366.87,361.15,885328768
2009-02-16,362.131,364.16,366.87,361.15,885328768
2009-02-17,347.611,362.13,362.13,347.09,1180653568
2009-02-18,347.945,347.61,351.1,344.05,990736512
2009-02-19,343.843,347.95,351.82,343.15,988474688
2009-02-20,341.938,343.84,345.26,336.33,1272737920
2009-02-23,329.013,341.94,344.04,328.52,1007141824
2009-02-24,340.196,329.01,341.52,329.01,1147584640
2009-02-25,336.251,340.2,342.2,332.1,1225359744
2009-02-26,330.064,336.25,341.14,330.02,1029207104
2009-02-27,325.765,330.06,331.82,324.01,1350972800
2009-03-02,311.469,325.77,325.77,311,1149362944
2009-03-03,311.288,311.47,316.93,309.23,1208729088
2009-03-04,320.42,311.29,324.89,311.18,1127590144
2009-03-05,308.572,320.42,320.42,306.78,1149551232
2009-03-06,308.511,308.57,314.64,301.68,1206442624
2009-03-09,304.745,308.51,313.29,303.42,1023922112
2009-03-10,322.065,304.75,322.06,304.74,1247940096
2009-03-11,323.584,322.06,326.7,320.41,1024756672
2009-03-12,334.229,323.58,334.89,320.22,1091195648
2009-03-13,336.029,334.23,336.38,330.69,974175936
2009-03-16,334.104,336.03,341.7,333.75,1027607744
2009-03-17,344.279,334.1,344.28,333.07,954261824
2009-03-18,348.555,344.28,352.48,338.79,1157658496
2009-03-19,347.275,348.55,351.75,346.05,1067319360
2009-03-20,341.663,347.27,350.73,340.05,1499601408
2009-03-23,362.643,341.66,362.64,341.57,1038981952
2009-03-24,356.783,362.64,362.64,356.42,889128000
2009-03-25,358.272,356.78,364.32,349.7,1044683136
2009-03-26,368.637,358.27,368.64,358.27,1143069184
2009-03-27,360.449,368.64,368.64,359.3,814443776
2009-03-30,350.37,360.45,360.45,346.56,838580224
2009-03-31,354.146,350.37,359.92,350.37,969508032
2009-04-01,358.874,354.15,359.85,347.74,995345664
2009-04-02,369.971,358.87,375.21,358.87,1124092160
2009-04-03,373.344,369.97,373.34,367.22,910000320
2009-04-06,370.166,373.34,373.34,364.28,799357120
2009-04-07,361.469,370.17,370.17,360.64,786988992
2009-04-08,367.051,361.47,368.23,361.47,775393920
2009-04-09,377.785,367.05,377.78,367.05,950942784
2009-04-10,377.785,367.05,377.78,367.05,950942784
2009-04-13,377.034,377.78,379.25,372.52,750448128
2009-04-14,372.36,377.03,377.03,370.92,898566464
2009-04-15,374.066,372.36,374.34,368.53,885445568
2009-04-16,381.5,374.07,383.17,373.68,931367680
2009-04-17,382.655,381.5,384.55,379.06,1203859072
2009-04-20,369.1,382.66,382.66,368.76,975735552
2009-04-21,375.175,369.1,375.18,367.94,999096832
2009-04-22,374.491,375.17,381.79,371.36,1101126400
2009-04-23,376.679,374.49,377.15,370.2,1006918528
2009-04-24,383.873,376.68,385.88,376.68,1059719872
2009-04-27,380.746,383.87,385.56,379.27,869331328
2009-04-28,379.237,380.75,382.93,375.96,812941888
2009-04-29,387.093,379.24,391.01,379.21,942859072
2009-04-30,387.765,387.09,395.33,385.62,1149787776
2009-05-01,389.833,387.77,391.44,384.23,813647168
2009-05-04,400.712,389.83,400.79,389.83,1000754432
2009-05-05,399.735,400.71,400.71,396.47,918015936
2009-05-06,402.42,399.73,403.53,397.16,991519488
2009-05-07,396.244,402.42,405.4,393.3,1094184832
2009-05-08,402.339,396.24,403.38,396.24,1037591104
2009-05-11,397.253,402.34,402.34,394.17,833872896
2009-05-12,397.112,397.25,400.07,392.17,868671360
2009-05-13,386.617,397.11,397.11,385.69,918222272
2009-05-14,390.249,386.62,392.74,386.58,889619648
2009-05-15,387.375,390.25,393.02,386.04,883894976
2009-05-18,398.209,387.37,398.25,387.33,803625152
2009-05-19,398.645,398.21,401.81,396.05,798241088
2009-05-20,398.152,398.64,406.35,397.24,854904192
2009-05-21,390.767,398.15,398.15,387.26,848328192
2009-05-22,390.663,390.77,394.93,388.5,606289344
2009-05-25,390.663,390.77,394.93,388.5,606289344
2009-05-26,401.1,390.66,401.98,387.98,830493824
2009-05-27,395.28,401.1,403.46,394.73,824256448
2009-05-28,400.316,395.28,401.58,392.25,807971392
2009-05-29,406.154,400.32,406.37,399.91,1128352256
2009-06-01,418.957,406.15,420.26,406.13,901910016
2009-06-02,419.742,418.96,422.44,416.61,836635072
2009-06-03,414.512,419.74,419.74,410.52,831046976
2009-06-04,418.429,414.51,418.48,413.24,782658240
2009-06-05,418.698,418.43,422.51,415.52,791484544
2009-06-08,417.242,418.7,420.26,411.17,686499648
2009-06-09,419.873,417.24,422.05,416.97,716493696
2009-06-10,418.777,419.87,423.06,413.25,755054400
2009-06-11,420.432,418.78,425.03,418.66,776289088
2009-06-12,420.009,420.43,420.43,415.05,578736384
2009-06-15,410.533,420.01,420.01,408.38,735902912
2009-06-16,405.211,410.53,413.05,405.05,750937408
2009-06-17,406.338,405.21,409.58,402.94,830923584
2009-06-18,408.542,406.34,410.35,404.77,701527040
2009-06-19,410.471,408.54,413.46,408.34,1385435136
2009-06-22,398.25,410.47,410.47,398.16,867676160
2009-06-23,398.3,398.25,399.91,395.6,792400064
2009-06-24,401.548,400.67,405.55,399.55,770287168
2009-06-25,410.721,401.55,411.29,399.42,828167104
2009-06-26,410.298,410.72,411.59,408.06,1381973120
2009-06-29,413.112,410.3,413.54,408.62,680649024
2009-06-30,410.047,413.11,414.51,407.67,869777856
2009-07-01,412.217,410.05,415.53,410.01,653293696
2009-07-02,401.975,412.22,412.22,401.97,558208960
2009-07-03,401.975,412.22,412.22,401.97,558208960
2009-07-06,402.62,401.97,402.63,397.84,712742528
2009-07-07,394.767,402.62,402.62,394.29,739606784
2009-07-08,396.133,394.77,397.74,392.08,898215360
2009-07-09,396.684,396.13,398.68,395.18,685336512
2009-07-10,396.058,396.68,398.42,393.47,648004736
2009-07-13,403.831,396.06,403.83,393.14,797915136
2009-07-14,405.894,403.83,405.89,401.9,701452096
2009-07-15,416.834,405.89,416.93,405.88,946085824
2009-07-16,421.168,416.83,422.22,415.44,836632640
2009-07-17,422.179,421.17,422.46,418.99,831955200
2009-07-20,426.729,422.18,426.91,422.18,720992320
2009-07-21,428.336,426.73,428.93,423.17,790961152
2009-07-22,428.154,428.34,430.35,426.59,790382464
2009-07-23,436.575,428.15,438.01,427.36,942667136
2009-07-24,437.459,436.57,437.63,431.61,773302016
2009-07-27,437.181,437.46,437.85,433.41,647799104
2009-07-28,436.848,435.34,437.55,432.17,698744000
2009-07-29,436.189,436.85,436.85,433.34,678446016
2009-07-30,439.529,436.19,444.47,436.17,835186368
2009-07-31,438.812,439.53,442.55,438.32,771781888
2009-08-03,444.722,438.81,444.81,438.81,709412160
2009-08-04,444.86,444.72,445.55,442.52,722650624
2009-08-05,441.544,444.84,444.84,439.25,763649792
2009-08-06,438.381,441.54,443.15,436.94,769110656
2009-08-07,443.532,438.38,445.76,438.38,737925568
2009-08-10,441.88,443.53,443.53,439.38,576630592
2009-08-11,438.413,441.82,441.82,437.45,608344384
2009-08-12,442.942,438.41,446.09,438.14,663270912
2009-08-13,445.183,442.94,445.37,440.75,521734336
2009-08-14,441.271,445.18,445.18,438.02,613904576
2009-08-17,431.923,441.27,441.27,431.55,709554560
2009-08-18,436.149,431.88,436.76,431.88,602962816
2009-08-19,439.021,436.15,439.86,432.3,632580096
2009-08-20,443.334,438.99,444.11,438.66,614986496
2009-08-21,449.687,443.24,450.17,443.24,852937216
2009-08-24,449.206,449.69,452.69,448.03,628679232
2009-08-25,450.171,449.21,453.74,449.2,638647296
2009-08-26,450.301,450.17,452.36,448.41,597970240
2009-08-27,451.309,450.28,452.05,445.12,655042240
2009-08-28,450.187,451.31,455.4,448.04,709790400
2009-08-31,446.971,450.18,450.18,444.5,780233856
2009-09-01,439.366,446.97,450.89,438.79,904050496
2009-09-02,439.028,439.25,440.92,437.44,723065728
2009-09-03,442.311,439,442.46,437.45,684180288
2009-09-04,448.083,442.31,448.28,441.79,582041920
2009-09-07,448.083,442.31,448.28,441.79,582041920
2009-09-08,451.968,448.08,451.97,448.05,745064320
2009-09-09,454.977,451.96,456.19,450.87,748312192
2009-09-10,459.148,454.97,459.15,453.36,804110912
2009-09-11,458.993,459,460.58,456.9,781734912
2009-09-14,460.906,458.98,461,455.92,687490240
2009-09-15,461.766,460.9,462.77,458.49,803150336
2009-09-16,467.271,461.77,467.27,461.34,874713792
2009-09-17,466.696,468.99,469.05,465.06,839398016
2009-09-18,467.897,466.69,469.24,466.52,1260705664
2009-09-21,467.545,467.9,468.54,464.18,708838976
2009-09-22,469.233,467.55,470.17,467.22,733906176
2009-09-23,465.241,469.23,472.62,465.06,807805568
2009-09-24,461.766,465.24,467.42,459.87,751499328
2009-09-25,459.086,461.77,462.69,458.12,715888768
2009-09-28,466.132,459.07,468.03,459.07,582897024
2009-09-29,465.501,466.13,469.04,464.46,683866496
2009-09-30,465.375,465.46,467.9,459.54,1004961536
2009-10-01,454.305,465.37,465.37,454.17,999388864
2009-10-02,452.905,454.31,455.04,451.63,804602368
2009-10-05,457.523,452.91,458.58,452.53,739058368
2009-10-06,463.931,457.52,465.86,457.51,775139520
2009-10-07,465.145,463.88,465.21,462.58,652702208
2009-10-08,468.451,465.14,470.69,465.14,819641984
2009-10-09,471.806,468.45,471.82,467.54,638969216
2009-10-12,473.001,471.81,475.37,471.04,591751168
2009-10-13,471.941,473,473.35,469.87,714567488
2009-10-14,478.89,471.93,479.41,471.93,855771456
2009-10-15,480.992,478.89,480.99,477.03,819319040
2009-10-16,478.32,480.99,480.99,475.66,872007488
2009-10-19,482.763,478.32,483.64,477.96,665787904
2009-10-20,479.883,482.76,483.33,477.61,768147264
2009-10-21,476.609,479.81,484.31,476.36,893501312
2009-10-22,480.596,476.57,481.64,473.27,852718336
2009-10-23,476.709,480.6,483.04,475.17,898034240
2009-10-26,472.95,476.71,482.1,472.22,822180480
2009-10-27,470.221,472.95,474.56,469.15,870643968
2009-10-28,461.409,470.22,470.48,461.27,979884096
2009-10-29,469.654,461.4,470.1,461.4,893981376
2009-10-30,458.727,469.65,469.65,457.83,999640640
2009-11-02,462.013,458.72,465.21,456.76,935024000
2009-11-03,462.661,462.01,462.66,458.51,844308864
2009-11-04,464.34,462.65,469.8,462.65,803644544
2009-11-05,473.696,464.32,473.7,464.32,836739328
2009-11-06,474.957,473.63,475.89,471.01,663753472
2009-11-09,484.419,474.89,484.45,474.89,733734912
2009-11-10,484.828,484.34,486.04,482.76,672802880
2009-11-11,487.132,484.83,489.6,484.83,659338560
2009-11-12,483.045,487.13,488.86,482.15,707797952
2009-11-13,486.625,483.04,487.87,482.62,608457728
2009-11-16,492.97,486.61,494.31,486.61,693229248
2009-11-17,493.707,492.97,493.71,489.99,609379264
2009-11-18,492.403,493.6,493.6,489.7,628271552
2009-11-19,486.482,492.4,492.4,483.29,736129600
2009-11-20,484.968,486.37,486.37,482.95,768015680
2009-11-23,490.747,484.96,493.24,484.96,615859456
2009-11-24,490.709,490.75,491.39,487.33,628073920
2009-11-25,492.944,490.69,493.18,490.63,470311616
2009-11-26,492.944,490.69,493.18,490.63,470311616
2009-11-27,485.377,492.94,492.94,481.72,381464832
2009-11-30,485.873,483.65,487,482.26,797549376
2009-12-01,492.298,485.87,494.04,485.87,697028096
2009-12-02,493.02,492.2,496.01,491.83,641181760
2009-12-03,489.587,493,495.88,489.12,681563648
2009-12-04,492.1,489.58,497.8,487.84,838442304
2009-12-07,491.04,492.1,494.01,489.81,635426240
2009-12-08,486.466,491.04,491.04,484.27,685660352
2009-12-09,488.388,486.47,488.62,483.09,643230016
2009-12-10,491.698,488.39,493.18,488.38,658096000
2009-12-11,492.616,491.7,494.52,491.03,628197248
2009-12-14,496.705,492.62,496.93,492.6,607054784
2009-12-15,494.714,496.71,497.2,493.66,653900800
2009-12-16,495.058,494.71,498.37,494.56,660882688
2009-12-17,489.246,495.06,495.06,488.9,640180736
2009-12-18,492.574,489.25,492.79,488.51,1497484928
2009-12-21,497.326,492.57,498.76,492.57,556577536
2009-12-22,500.012,497.33,500.69,497.32,545228288
2009-12-23,502.193,500.01,502.54,499.62,452053728
2009-12-24,504.772,502.19,504.78,502.19,187344672
2009-12-25,504.772,502.19,504.78,502.19,187344672
2009-12-28,505.823,504.77,506.48,503.89,373969504
2009-12-29,505.382,505.82,506.9,505.25,350154432
2009-12-30,505.697,505.38,505.75,503.8,361856320
2009-12-31,500.223,505.7,506.13,500.09,389709632
2010-01-01,500.223,505.7,506.13,500.09,389709632
2010-01-04,507.029,500.22,507.69,500.22,592386560
2010-01-05,507.288,507.03,507.86,504.89,669136000
2010-01-06,506.825,507.29,507.91,505.71,631961088
2010-01-07,507.179,506.82,507.31,503.72,677708992
2010-01-08,509.314,507.18,509.45,504.61,607860992
2010-01-11,509.562,509.31,510.87,507.21,582980096
2010-01-12,505.583,509.56,509.56,503.44,696235008
2010-01-13,509.888,505.58,511.08,504.6,617955456
2010-01-14,511.061,509.89,511.9,509.18,613134912
2010-01-15,506.039,511.05,511.49,504.46,917816256
2010-01-18,506.039,511.05,511.49,504.46,917816256
2010-01-19,512.284,506.04,512.34,506.04,609280000
2010-01-20,506.559,512.2,512.2,502.44,688713920
2010-01-21,498.988,506.54,508.35,497.97,870117760
2010-01-22,488.012,498.99,498.99,487.6,908378304
2010-01-25,489.949,488.01,492.22,488.01,655264640
2010-01-26,489.104,489.94,493.44,487.12,730849920
2010-01-27,491.039,489.1,491.95,485.2,836257856
2010-01-28,483.822,491.02,491.31,481.64,836903552
2010-01-29,478.108,483.82,488.71,477.11,1043156928
2010-02-01,484.358,478.11,484.46,478.11,716529600
2010-02-02,490.005,484.36,490.68,483.51,746386624
2010-02-03,488.957,489.99,490.01,487.06,696028608
2010-02-04,474.735,488.95,488.95,474.65,944792832
2010-02-05,476.329,474.73,476.58,467.81,985026688
2010-02-08,473.029,476.21,478.46,472.89,700830272
2010-02-09,479.122,473.02,482.83,473.02,790758400
2010-02-10,477.868,479.03,480.07,474.4,672637056
2010-02-11,483.143,477.81,483.92,474.86,738730176
2010-02-12,482.774,483.13,483.6,476.93,875058048
2010-02-15,482.774,483.13,483.6,476.93,875058048
2010-02-16,490.14,482.76,490.32,482.76,675917376
2010-02-17,492.833,490.03,493.06,490.03,632484672
2010-02-18,496.188,492.83,496.75,492.14,621440960
2010-02-19,496.566,496.09,497.9,493.42,745876160
2010-02-22,495.464,496.56,497.77,494.45,638967872
2010-02-23,489.777,495.46,495.46,488.82,740637248
2010-02-24,493.991,489.75,494.51,489.75,680468224
2010-02-25,493.423,493.89,493.89,486.02,741236864
2010-02-26,493.604,493.41,494.81,490.95,747821312
2010-03-01,499.459,493.59,499.64,493.59,676577664
2010-03-02,500.729,499.46,502.81,499.46,765122368
2010-03-03,500.932,500.62,503.5,500.1,657575616
2010-03-04,502.769,500.93,503.13,499.86,633723136
2010-03-05,508.915,502.76,509.18,502.76,646867968
2010-03-08,508.767,508.87,509.64,508.07,579094080
2010-03-09,509.709,508.76,512.06,507.6,683351104
2010-03-10,511.666,509.64,512.4,509.43,676369472
2010-03-11,513.365,511.47,513.36,508.52,588295424
2010-03-12,513.586,513.36,514.5,511.73,590188160
2010-03-15,514.077,513.57,514.21,510.64,597047104
2010-03-16,517.056,514.08,517.36,513.8,642703040
2010-03-17,519.417,517.05,521.05,517.05,608894976
2010-03-18,519.947,519.41,520.2,518.1,570816640
2010-03-19,517.532,519.95,521.25,515.49,1223107840
2010-03-22,520.699,517.52,521.76,514.94,603644928
2010-03-23,524.092,520.6,524.3,519.51,618948288
2010-03-24,520.372,524.09,524.09,519.87,602493888
2010-03-25,519.744,520.37,525.78,519.57,711087744
2010-03-26,519.951,519.74,522.76,517.7,634886208
2010-03-29,522.562,519.93,523.39,519.93,513715936
2010-03-30,523.747,522.51,525.35,521.3,535319072
2010-03-31,521.376,523.73,523.82,520.51,630277504
2010-04-01,524.126,521.36,526.45,520.72,590005568
2010-04-02,524.126,521.36,526.45,520.72,590005568
2010-04-05,527.969,524.12,528.53,524.12,532936448
2010-04-06,528.12,527.97,529.44,525.75,572838400
2010-04-07,525.657,528.08,528.43,523.46,672222208
2010-04-08,526.532,525.65,527.35,522.65,637526144
2010-04-09,530.032,526.53,530.15,526.29,549511616
2010-04-12,530.638,530.03,531.61,529.75,547184256
2010-04-13,531.473,530.57,532.09,527.6,614326144
2010-04-14,536.063,531.46,536.06,531.46,708917888
2010-04-15,537.172,536.06,537.68,535.17,671180416
2010-04-16,530.954,537.17,537.17,528.37,1011997440
2010-04-19,532.265,530.95,532.4,526.91,679909440
2010-04-20,535.453,532.27,535.91,532.27,641751424
2010-04-21,535.571,535.45,536.87,533.1,755464640
2010-04-22,536.897,535.54,537.47,528.42,827885184
2010-04-23,540.016,536.9,540.02,535.21,744368448
2010-04-26,538.398,540.01,541.52,538.04,657467008
2010-04-27,527.655,538.4,538.4,526.82,884488128
2010-04-28,529.186,527.55,530.64,525.58,844683008
2010-04-29,535.375,529.17,536.26,529.17,777253888
2010-04-30,526.837,535.38,536.32,526.76,901874880
2010-05-03,532.837,526.84,533.86,526.84,681323136
2010-05-04,520.174,532.84,532.84,517.86,881003200
2010-05-05,517.582,520.15,521.35,514.45,840526080
2010-05-06,502.115,517.49,518.51,474.13,1451512576
2010-05-07,493.049,502.11,503.26,485.54,1503441024
2010-05-10,514.535,493.04,515.18,493.04,1050004608
2010-05-11,512.755,514.48,518.74,509.46,851846208
2010-05-12,520.816,512.58,521.26,512.58,745060480
2010-05-13,514.754,520.78,522.22,514,737612992
2010-05-14,505.555,514.75,514.75,501.38,887925504
2010-05-17,506.693,505.54,508.54,497.66,818015360
2010-05-18,500.463,506.63,511.61,499.12,885878144
2010-05-19,497.158,500.42,501.58,491.7,923146560
2010-05-20,479.212,497.16,497.16,479.21,1220856704
2010-05-21,484.436,479.21,486.3,472.09,1396878848
2010-05-24,480.616,484.43,486.85,480.31,753924160
2010-05-25,479.988,480.61,480.61,466.37,1067980544
2010-05-26,476.439,479.95,487.49,475.47,1130704256
2010-05-27,490.587,476.22,490.73,476.22,843175104
2010-05-28,485.654,490.58,490.58,483.43,852359744
2010-05-31,485.654,490.58,490.58,483.43,852359744
2010-06-01,479.139,485.65,488.88,478.71,822603904
2010-06-02,490.668,479.04,490.72,479.04,788161472
2010-06-03,493.767,490.64,494.41,488.92,745907648
2010-06-04,477.435,493.76,493.76,475.66,921341952
2010-06-07,470.905,477.42,480.36,470.62,840199936
2010-06-08,474.068,470.87,474.71,466.67,996542400
2010-06-09,471.786,474.06,481.02,470.37,879434560
2010-06-10,484.12,471.79,484.51,471.79,796945792
2010-06-11,486.732,483.91,486.92,480.03,647394880
2010-06-14,486.706,486.71,493.26,486.4,668527936
2010-06-15,497.723,486.7,497.89,486.7,717461248
2010-06-16,497.569,497.72,499.37,494.48,638317056
2010-06-17,498.15,497.56,499.35,494,652238208
2010-06-18,498.259,498.15,500.52,497.21,1018612736
2010-06-21,495.779,498.26,503.97,493.64,636414272
2010-06-22,488.846,495.67,498.96,488.35,683299392
2010-06-23,488.018,488.84,491.41,484.3,695294656
2010-06-24,480.596,488.02,488.02,479.76,791579776
2010-06-25,479.829,480.6,484.17,477.56,1283908480
2010-06-28,478.546,479.81,482.69,477.22,595839168
2010-06-29,462.543,478.53,478.53,459.81,1038956800
2010-06-30,458.259,462.51,466.21,457.32,917957248
2010-07-01,457.435,458.25,459.84,450.11,1037486080
2010-07-02,455.5,457.43,459.68,452.54,719376000
2010-07-05,455.5,457.43,459.68,452.54,719376000
2010-07-06,457.185,455.5,464.65,453.07,820955456
2010-07-07,471.524,457.14,471.7,457.14,829615680
2010-07-08,475.756,471.51,476.5,470.46,759317696
2010-07-09,478.877,475.75,478.98,474.93,556047680
2010-07-12,478.93,478.88,481.06,475.77,560212032
2010-07-13,486.398,478.86,488.21,478.86,706601280
2010-07-14,487.514,486.38,489.52,484.33,762878272
2010-07-15,487.716,487.51,488.65,480.99,718792704
2010-07-16,474.188,487.69,487.69,473.54,943204800
2010-07-19,477.244,474.18,478.57,472.53,590975488
2010-07-20,483.699,477.24,484.02,470.45,742690816
2010-07-21,477.847,483.69,486.05,475.78,842789760
2010-07-22,488.769,477.83,490.34,477.83,800809024
2010-07-23,493.522,488.77,493.76,486.18,810027264
2010-07-26,498.219,493.52,498.22,492.42,656274944
2010-07-27,496.33,498.22,499.98,494.5,695326080
2010-07-28,492.923,496.32,497.07,491.52,659178432
2010-07-29,490.17,492.88,497.04,486.24,840016768
2010-07-30,490.626,490.17,492.48,484.17,790554368
2010-08-02,500.897,490.63,501.74,490.63,664583872
2010-08-03,498.717,500.9,500.9,496.52,646166144
2010-08-04,502.822,498.69,503.42,498.69,646942400
2010-08-05,501.958,502.82,502.82,499.12,574000512
2010-08-06,500.428,501.88,501.88,493.92,623049984
2010-08-09,503.346,500.43,504.14,500.36,523520608
2010-08-10,499.575,503.33,503.33,495.68,702443840
2010-08-11,485.655,499.3,499.3,484.94,762841088
2010-08-12,482.117,485.61,485.61,478.32,735903040
2010-08-13,479.695,482.1,482.83,479.43,571391296
2010-08-16,480.25,479.68,482.2,475.63,548602816
2010-08-17,487.204,480.23,490.7,480.23,662713024
2010-08-18,487.964,487.1,490.39,484,597536128
2010-08-19,480.55,487.96,487.96,478.13,770897536
2010-08-20,479.356,480.55,480.55,475.46,776134528
2010-08-23,476.67,479.35,483.77,476.62,581339200
2010-08-24,468.825,476.67,476.67,466.46,809010560
2010-08-25,470.733,468.81,472.47,463.63,723428096
2010-08-26,466.898,470.73,473.52,466.15,708095680
2010-08-27,474.544,466.86,474.93,463.23,745696320
2010-08-30,467.914,474.43,475.06,467.86,526176608
2010-08-31,466.712,467.88,469.83,463.98,875884096
2010-09-01,480.231,466.67,480.78,466.67,737237248
2010-09-02,485.602,480.2,485.6,480.2,593958464
2010-09-03,492.085,485.59,492.58,485.59,591529728
2010-09-06,492.085,485.59,492.58,485.59,591529728
2010-09-07,487.508,492.07,492.07,487.06,569340160
2010-09-08,490.186,487.45,492.06,487.45,653748736
2010-09-09,491.1,490.25,494.73,489.96,552712384
2010-09-10,493.528,491.1,494.18,490.85,524817728
2010-09-13,499.069,493.39,499.84,493.39,616449920
2010-09-14,499.939,499.07,502.77,497.05,655537216
2010-09-15,502.136,499.94,502.68,497.28,641598016
2010-09-16,503.037,502.1,503.47,500.16,602833472
2010-09-17,504.532,503.03,505.86,502.26,1183287552
2010-09-20,511.887,504.52,512.75,504.52,607535936
2010-09-21,511.154,511.88,514.54,509.37,709130304
2010-09-22,509.355,511.15,512.99,507.38,678929152
2010-09-23,506.813,509.35,511.75,504.89,607136704
2010-09-24,517.616,506.81,517.86,506.81,657041536
2010-09-27,515.454,517.62,518.76,515.38,584041344
2010-09-28,518.187,515.45,519.2,510.32,696287872
2010-09-29,517.622,515.45,519.13,515.8,646219008
2010-09-30,515.8,518.19,519.13,515.8,832684928
2010-10-01,517.167,517.62,522.92,513.14,665012672
2010-10-04,512.799,515.8,517.84,512.8,624044928
2010-10-05,523.373,517.67,524.25,514.99,759433280
2010-10-06,522.231,519.7,524.15,519.7,647478784
2010-10-07,521.707,523.98,523.87,518.43,607423616
2010-10-08,525.76,522.23,526.91,518.43,633198656
2010-10-11,525.892,525.9,527.7,524.53,488835840
2010-10-12,527.914,525.26,529.27,521.2,614321152
2010-10-13,532.354,528.96,534.95,527.81,764001600
2010-10-14,531.645,532.34,533.79,528.69,655280192
2010-10-15,535.879,534.26,536.07,530.8,857599232
2010-10-18,537.866,535.88,538.29,534.46,570860096
2010-10-19,528.878,534.03,537.87,525.7,768938304
2010-10-20,534.249,529.31,536.65,528.87,669177664
2010-10-21,536.107,535.45,539.99,531.5,661737216
2010-10-22,538.273,536.23,538.27,535.58,483211776
2010-10-25,540.192,538.77,544.71,538.27,580642816
2010-10-26,540.723,538.93,541.56,536.08,611684096
2010-10-27,539.64,539.44,540.69,534.41,640999168
2010-10-28,539.585,541.03,542.59,536.37,643651008
2010-10-29,540.072,539.33,541.22,538.66,685109504
2010-11-01,541.152,541.39,545.76,538.14,587398016
2010-11-02,546.313,543.19,547.38,541.15,563973952
2010-11-03,547.997,546.41,548.26,541.43,699269696
2010-11-04,557.942,550.64,557.94,547.99,796744960
2010-11-05,559.268,557.9,559.81,557.16,673516032
2010-11-08,559.003,558.26,559.47,556.06,559082816
2010-11-09,555.683,559.47,561.73,553.38,680337408
2010-11-10,558.222,555.64,558.22,551.73,668704512
2010-11-11,555.764,555.96,558.22,550.39,759640512
2010-11-12,548.018,554.93,555.73,545.47,684411712
2010-11-15,547.027,548.91,551.25,546.75,595811456
2010-11-16,538.058,545.45,547.02,535.83,810655680
2010-11-17,539.066,537.93,541.45,537.56,608790848
2010-11-18,547.695,541.22,549.77,539.05,645477824
2010-11-19,550.295,547.55,550.4,545.18,723232640
2010-11-22,551.765,550.3,551.88,545.22,560546688
2010-11-23,544.292,549.45,551.75,541.65,610867264
2010-11-24,553.713,546.45,553.94,544.28,531178304
2010-11-25,553.713,546.45,553.94,544.28,531178304
2010-11-26,550.198,551.72,553.67,548.59,241236032
2010-11-29,548.652,548.62,550.02,542.19,563173120
2010-11-30,545.245,546.09,548.62,541.72,924189504
2010-12-01,557.197,547.84,558.31,547.84,641968000
2010-12-02,563.169,557.68,563.47,557.18,659108992
2010-12-03,564.957,562.42,565.41,560.95,533646080
2010-12-06,564.634,564.98,565.74,563.13,463624416
2010-12-07,564.492,566.75,570.2,564.25,647439872
2010-12-08,565.652,565.05,566.76,562.16,558112064
2010-12-09,566.564,566.87,568.34,564.36,529377184
2010-12-10,569.382,567.37,569.67,566.07,526174784
2010-12-13,568.699,569.38,571.96,568.6,550497472
2010-12-14,569.36,569.12,571.49,567.81,530616576
2010-12-15,567.111,569.16,571.45,566.46,622587392
2010-12-16,570.76,567.44,571.19,565.72,542538112
2010-12-17,571.832,571.29,573.06,570.25,1180923008
2010-12-20,572.807,571.82,574.16,569.95,482557920
2010-12-21,575.569,573.82,576.18,572.72,446936704
2010-12-22,575.892,575.57,576.34,575.12,404661568
2010-12-23,575.087,575.4,576.07,573.97,306872832
2010-12-24,575.087,575.4,576.07,573.97,306872832
2010-12-27,574.973,574.12,575.61,571.68,264990672
2010-12-28,574.98,575.43,576.19,574.04,310711104
2010-12-29,576.3,575.32,577.56,574.93,278083808
2010-12-30,575.597,576.15,577.17,574.97,251570112
2010-12-31,574.673,575.13,575.59,573.25,333508000
2011-01-03,580.54,576.66,583.21,574.67,581235648
2011-01-04,578.187,580.54,581.62,575.06,619078272
2011-01-05,580.941,577.4,581.31,576.02,603445696
2011-01-06,580.939,581.14,582.54,579.1,608956736
2011-01-07,580.641,581.18,582.74,576.37,606656064
2011-01-10,580.941,579.81,581.84,576.64,552730112
2011-01-11,583.429,582.21,584.72,580.94,550188416
2011-01-12,588.04,583.39,588.14,583.34,528951232
2011-01-13,587.871,587.81,589,586.31,553496512
2011-01-14,591.696,587.44,591.7,586.55,578741376
2011-01-17,591.696,587.44,591.7,586.55,578741376
2011-01-18,594.287,590.12,594.49,590.12,642358720
2011-01-19,588.427,594.2,594.4,586.93,597844992
2011-01-20,585.645,587.36,588.43,581.22,705005568
2011-01-21,585.125,587.16,590.33,584.59,739898752
2011-01-24,589.968,585.35,590.2,584.62,563429632
2011-01-25,590.421,588.98,590.42,585.66,625785664
2011-01-26,594.48,590.98,595.81,590.41,641182528
2011-01-27,595.964,595.27,597.2,593.55,632956992
2011-01-28,584.267,595.78,596.77,583.3,781011904
2011-01-31,588.978,584.67,589.33,584.2,745015104
2011-02-01,598.155,590.31,598.95,588.98,657374336
2011-02-02,597.116,597.53,598.98,595.91,600540672
2011-02-03,598.904,596.71,599.61,593.33,620987136
2011-02-04,601.835,599.14,601.84,597.53,557094848
2011-02-07,605.216,602.37,607.47,601.83,526146688
2011-02-08,607.616,605.06,607.71,603.82,514075072
2011-02-09,606.561,606.97,608.1,604.09,592214016
2011-02-10,607.066,604.09,607.39,601.86,733588160
2011-02-11,610.702,606.17,611.28,604.94,587410368
2011-02-14,613.026,610.63,613.31,610.38,537049024
2011-02-15,610.205,612.38,613.02,608.55,593344064
2011-02-16,614.555,611.12,615.41,610.08,647063680
2011-02-17,615.766,613.3,616.25,612.02,574394624
2011-02-18,616.774,615.81,617.51,614.41,759276288
2011-02-21,616.774,615.81,617.51,614.41,759276288
2011-02-22,603.396,613.95,616.77,602.11,736222336
2011-02-23,597.913,603.32,603.7,594.06,799197888
2011-02-24,598.105,598.25,600.85,592.64,708904192
2011-02-25,605.178,599.45,605.41,597.99,592087360
2011-02-28,607.154,605.85,608.89,604.14,771226112
2011-03-01,597.718,608.07,609.52,597.03,701634176
2011-03-02,599.457,597.28,602.11,596.47,638398400
2011-03-03,609.979,599.42,610.62,599.42,636644352
2011-03-04,606.174,609.97,610.18,602.39,622055680
2011-03-07,599.815,606.45,609.08,596.52,690498496
2011-03-08,603.72,599.72,605.72,596.94,586055616
2011-03-09,601.91,602.68,603.66,598.79,563605184
2011-03-10,590.806,599.04,601.91,590.27,721503424
2011-03-11,594.886,589.59,596.84,588.81,571055680
2011-03-14,591.733,593.32,594.87,587.25,564814464
2011-03-15,585.253,586.1,591.73,575.24,785930816
2011-03-16,573.787,584.08,585.26,570.03,893797248
2011-03-17,580.193,576.77,583.81,573.78,648963520
2011-03-18,581.196,582.75,586.71,580.01,1094311040
2011-03-21,591.35,584.04,592.81,584.04,537706880
2011-03-22,589.186,591.43,591.76,588.39,481431328
2011-03-23,591.975,588.3,593.38,585.16,519415168
2011-03-24,598.682,593.76,599.39,591.97,528994048
2011-03-25,600.683,600.02,603.58,598.68,513568640
2011-03-28,598.915,601.61,603.47,598.91,469405088
2011-03-29,603.481,598.49,603.48,596.71,476120896
2011-03-30,607.348,605,608.57,603.45,515296128
2011-03-31,607.18,606.93,608.39,606.08,631532928
2011-04-01,610.058,608.63,612.44,608.2,636259008
2011-04-04,610.133,610.05,612.08,608.4,473301632
2011-04-05,610.636,610.12,613.37,609.02,570897536
2011-04-06,611.261,612.39,614.5,609.34,559283456
2011-04-07,610.601,611.25,613.41,607.24,559279296
2011-04-08,607.732,611.79,613.15,605.01,494522368
2011-04-11,605.966,608.07,609.97,604.03,595816704
2011-04-12,601.024,604.76,605.96,598.83,564197376
2011-04-13,602.93,602.79,604.95,599.73,538658560
2011-04-14,602.947,601.09,603.83,597.35,530869856
2011-04-15,604.653,602.37,606.03,601.04,659605120
2011-04-18,598.437,602.15,604.64,592.71,588493632
2011-04-19,601.876,598.44,601.88,597.79,503092928
2011-04-20,612.472,602.51,612.98,601.85,622815104
2011-04-21,617.222,613.65,617.23,612.45,519911904
2011-04-22,617.222,613.65,617.23,612.45,519911904
2011-04-25,615.944,617.17,617.21,613.86,431829792
2011-04-26,621.238,616.81,622.47,615.94,599752832
2011-04-27,624.776,621.22,625.36,618.91,621863360
2011-04-28,625.554,624.41,626.19,623.29,586952448
2011-04-29,627.134,625.53,628.05,624.93,969145600
2011-05-02,625.731,627.13,630.32,624.5,596236992
2011-05-03,622.298,625.24,625.73,619.11,638014720
2011-05-04,618.357,622.43,622.43,614.95,709001728
2011-05-05,613.863,617.06,620.11,611.24,723591872
2011-05-06,616.07,613.77,622.94,613.77,664119232
2011-05-09,619.811,616.16,621.42,616.07,510310464
2011-05-10,624.665,620.75,625.64,619.8,563511168
2011-05-11,618.322,624.36,624.36,615.17,705875904
2011-05-12,621.794,616.98,622.85,613.37,689652288
2011-05-13,616.616,621.55,622.75,615.17,619120768
2011-05-16,611.226,615.27,618.43,610.24,627557568
2011-05-17,609.567,609.8,611.21,604.48,675399808
2011-05-18,615.774,609.49,616.38,608.94,619656384
2011-05-19,617.42,616.69,618.9,613.76,574702016
2011-05-20,613.199,617.41,617.42,611.09,640007744
2011-05-23,605.545,610.14,613.19,603.13,592063744
2011-05-24,604.788,606,608.51,603.83,582568704
2011-05-25,607.629,604.78,609.92,602.75,621180672
2011-05-26,610.769,606.68,611.82,605.68,603117376
2011-05-27,612.701,610.8,614.25,610.64,490985312
2011-05-30,612.701,610.8,614.25,610.64,490985312
2011-05-31,619.128,615.08,619.13,612.7,1026603136
2011-06-01,605.758,618.42,619.09,605.41,765826688
2011-06-02,605.287,606.09,608.23,601.96,672311040
2011-06-03,598.633,605.27,605.27,597.95,649769024
2011-06-06,592.944,598.62,599.2,592.45,608647168
2011-06-07,592.529,593.99,597.52,592.43,603893056
2011-06-08,589.148,591.66,592.46,588.06,650772928
2011-06-09,592.758,589.64,595.3,589.15,571352128
2011-06-10,583.429,591.44,591.44,583.2,637196032
2011-06-13,582.4,583.92,586.43,579.85,584295232
2011-06-14,591.117,582.35,592.92,582.35,589040128
2011-06-15,581.222,591.11,591.11,579.8,687985536
2011-06-16,580.897,581.27,584.33,576.4,674871232
2011-06-17,581.409,582.98,586.32,579.93,1050111040
2011-06-20,585.179,580.28,586.18,579.77,514739520
2011-06-21,594.614,586.56,595.55,585.09,559120448
2011-06-22,590.674,593.63,595.72,590.47,535468576
2011-06-23,591.196,588.36,591.52,580.06,736166016
2011-06-24,583.246,590.62,591.2,582.63,1028993216
2011-06-27,589.204,583.17,591.44,581.84,461710912
2011-06-28,599.15,589.15,599.21,589.15,443715584
2011-06-29,602.977,600.01,604.36,598.69,497620704
2011-06-30,609.519,604.17,610.19,602.98,527960320
2011-07-01,618.239,609.79,618.71,608.04,462695776
2011-07-04,618.239,609.79,618.71,608.04,462695776
2011-07-05,619.558,618.25,620.71,617.27,465415776
2011-07-06,622.257,619.05,623.21,617.34,439539936
2011-07-07,628.936,622.23,630.43,622.23,455008320
2011-07-08,625.861,628.94,628.94,620.23,432880192
2011-07-11,614.928,623.41,625.86,613.48,436828832
2011-07-12,611.334,614.39,617.04,611.08,507006208
2011-07-13,613.591,613.5,620.08,612.35,459330336
2011-07-14,608.458,614.27,617.78,606.9,539755584
2011-07-15,614.443,610.97,614.49,608.46,583709312
2011-07-18,609.895,614.42,614.42,605.53,461962528
2011-07-19,622.179,609.9,622.72,609.9,486551296
2011-07-20,619.856,623.98,624.12,618.87,454564416
2011-07-21,625.807,620.85,627.64,619.85,551905280
2011-07-22,627.987,625.74,628.58,623.37,431169952
2011-07-25,624.815,626.35,628.02,621.78,424709376
2011-07-26,622.206,624.72,625.1,620.97,461538592
2011-07-27,607.981,620.17,622.2,607.25,611465664
2011-07-28,606.39,608.07,613.98,605.8,555860480
2011-07-29,603.075,606.39,608.45,597.54,654996224
2011-08-01,600.343,605.78,610.09,594.25,598789376
2011-08-02,584.529,600.34,600.34,584.47,667001344
2011-08-03,588.966,585.25,589.35,574.62,728803840
2011-08-04,559.149,585.59,588.95,559.03,964682368
2011-08-05,558.153,561.45,567.53,542.86,1174319744
2011-08-08,522.235,552,558.06,522.23,1287936512
2011-08-09,546.738,525.46,546.88,514.98,1236388480
2011-08-10,525.046,542.53,546.49,523.87,1110751744
2011-08-11,547.935,527.43,554.02,524.96,950487872
2011-08-12,553.301,549.52,556.64,547.45,660050944
2011-08-15,563.028,554.36,563.03,553.27,550863232
2011-08-16,557.267,560.27,563.02,551.53,608067392
2011-08-17,556.139,558.17,563.96,551.6,545512768
2011-08-18,529.054,550.76,556.09,524.46,872385920
2011-08-19,520.789,526.8,536.68,520.22,799602112
2011-08-22,521.977,524.56,531.51,520.23,605169536
2011-08-23,542.522,523.65,542.52,521.97,631391872
2011-08-24,548.248,541.32,548.76,538.32,560453568
2011-08-25,538.541,548.48,551.91,537.04,571790464
2011-08-26,550.074,537.12,551.53,528.94,577626496
2011-08-29,565.18,552.92,565.28,550.03,439421888
2011-08-30,567.845,563.44,571.09,559.76,523030400
2011-08-31,569.96,569.12,576.28,565.62,644381312
2011-09-01,563.606,570.33,575.6,563.27,500466528
2011-09-02,550.183,563.58,563.58,547.97,465757280
2011-09-05,550.183,563.58,563.58,547.97,465757280
2011-09-06,547.651,545.81,550.18,534.9,551523456
2011-09-07,562.767,550.58,562.77,547.59,506661120
2011-09-08,557.144,561.37,566.05,555.82,515504960
2011-09-09,542.185,555.29,557.13,539.02,648710144
2011-09-12,545.723,540.01,545.85,533.47,570202880
2011-09-13,551.591,546.32,552.96,543.74,575334464
2011-09-14,560.168,553.53,566.6,547.25,640933952
2011-09-15,568.818,562.56,568.95,560.16,550336896
2011-09-16,571.969,569.22,573.69,566.83,1000259072
2011-09-19,568.664,569.34,571.97,559.12,504897440
2011-09-20,566.297,570.23,576.18,566.16,511479488
2011-09-21,551.768,567.33,569.43,551.55,650522368
2011-09-22,532.467,545.7,551.76,525.21,885141504
2011-09-23,535.302,530.78,537.85,528.4,632734528
2011-09-26,546.06,536.68,546.69,529.8,598939968
2011-09-27,552.587,549.3,562.04,546.06,587224192
2011-09-28,540.941,553.68,557.13,540.44,540470144
2011-09-29,541.145,541.51,551.22,531.9,608051840
2011-09-30,527.377,538.37,541.14,527.35,678223168
2011-10-03,512.576,525.83,530.35,512.47,735653376
2011-10-04,524.284,510.59,524.78,501.7,818713856
2011-10-05,534.201,523.62,535.24,520.28,668691456
2011-10-06,543.784,533.69,543.95,530.89,572873536
2011-10-07,540.334,544.45,546.91,537.55,582924160
2011-10-10,558.543,544.18,558.54,540.33,431817248
2011-10-11,560.112,557.12,561.69,555.67,441684992
2011-10-12,564.439,562.46,570.43,559.98,534928640
2011-10-13,565.322,563.73,566.66,558.94,468045472
2011-10-14,576.473,569.02,576.48,565.32,432366560
2011-10-17,565.477,574.97,576.47,564.2,482341792
2011-10-18,574.41,564.56,577.61,559.38,561458688
2011-10-19,565.375,572.13,574.4,563.87,505307424
2011-10-20,566.24,566.13,568.27,558.66,543087040
2011-10-21,576.728,568.36,577.42,566.22,644411904
2011-10-24,586.22,577.42,587.29,576.73,475429056
2011-10-25,574.5,584.89,586.22,573.56,526554752
2011-10-26,578.838,576.03,580.71,568.5,597070400
2011-10-27,597.169,583.56,600.93,578.82,695852608
2011-10-28,598.068,595.62,599.04,594.77,521362176
2011-10-31,584.809,595.74,598.07,584.75,561988928
2011-11-01,570.221,579.85,579.85,567.85,675393600
2011-11-02,578.703,570.21,580.92,570.21,534345472
2011-11-03,590.308,580.54,591.1,577.7,568380096
2011-11-04,588.036,589.17,589.17,580.7,458445600
2011-11-07,590.477,588.04,590.82,580.91,404011520
2011-11-08,596.7,592.15,597.34,587.19,448017408
2011-11-09,575.477,592.01,592.01,573.93,577247744
2011-11-10,578.705,576.03,581.95,572.81,462291808
2011-11-11,590.094,581.34,591.48,578.7,371972896
2011-11-14,586.047,589.29,590.18,583.86,348276160
2011-11-15,590.066,585.04,592.94,582.89,405273152
2011-11-16,580.919,587.59,591.42,580.46,487749856
2011-11-17,570.091,580.23,580.91,566.95,556384576
2011-11-18,568.71,570.52,572.56,566.65,514309504
2011-11-21,559.054,566.24,568.74,553.59,502624672
2011-11-22,557.944,559.01,561.7,554.26,467591936
2011-11-23,545.886,555.88,557.92,545.89,456540640
2011-11-24,545.886,555.88,557.92,545.89,456540640
2011-11-25,543.435,544.8,549.9,543.42,218235040
2011-11-28,560.505,548.15,562.1,543.39,461319744
2011-11-29,560.783,560.25,565.29,559.83,498001952
2011-11-30,583.382,565.5,583.4,560.69,862450752
2011-12-01,583.601,582.7,586.94,581.73,444679328
2011-12-02,582.357,585.81,590.11,581.84,438010816
2011-12-05,587.844,585.42,592.23,582.33,455181184
2011-12-06,587.259,587.93,590.66,585.01,404470976
2011-12-07,586.477,587.16,589.18,579.82,488324320
2011-12-08,575.713,584.49,586.47,574.49,516435136
2011-12-09,585.324,576.95,586.75,575.71,424539488
2011-12-12,577.424,582.66,585.31,572.95,413819616
2011-12-13,571.119,579.01,583.32,568.48,508023168
2011-12-14,562.857,569.97,571.11,561.17,479179072
2011-12-15,564.153,565.19,568.56,562.86,458091776
2011-12-16,566.332,565.2,571.72,563.9,968471808
2011-12-19,560.352,567.44,569.38,559.05,387349216
2011-12-20,577.127,564.09,577.5,560.23,480803296
2011-12-21,575.061,575.58,577.12,568.48,486856352
2011-12-22,578.755,575.91,579.35,575,390873280
2011-12-23,583.971,579.8,584.03,578.75,238208128
2011-12-26,583.971,579.8,584.03,578.75,238208128
2011-12-27,584.643,583.4,586.27,582.58,218455056
2011-12-28,577.191,584.76,585.01,576.58,264082080
2011-12-29,582.944,578.25,583.19,577.17,243737152
2011-12-30,580.884,582.52,583.7,580.81,294221472
2012-01-02,580.884,582.52,583.7,580.81,294221472
2012-01-03,588.928,584.88,593.1,580.88,450392352
2012-01-04,589.295,587.99,590.02,585.07,439297184
2012-01-05,591.097,588.69,591.89,584.4,463353504
2012-01-06,590.494,591.26,592.11,588.28,417008416
2012-01-09,591.08,591.38,592.12,588.52,431338688
2012-01-10,596.251,592.87,598.38,591.08,477703040
2012-01-11,595.886,595.2,596.65,593.05,409753344
2012-01-12,597.72,596.56,598.26,592.65,421299776
2012-01-13,595.232,595.93,597.72,590.45,447898944
2012-01-16,595.232,595.93,597.72,590.45,447898944
2012-01-17,598.862,597.98,602.06,595.23,430142688
2012-01-18,605.847,599.15,605.85,598.22,471926816
2012-01-19,609.938,606.69,610.68,605.84,465370272
2012-01-20,609.13,608.55,609.91,607.22,559132672
2012-01-23,610.107,609.24,612.79,606.88,399001536
2012-01-24,610.912,608.84,610.94,606.38,425198944
2012-01-25,618.69,613.09,619.71,609.81,492000992
2012-01-26,615.984,619.65,623.09,613.93,481013920
2012-01-27,616.026,614.61,617.66,614.31,459963744
2012-01-30,615.472,616.02,616.03,609.16,410814592
2012-01-31,615.172,616.98,619.21,612.01,535493696
2012-02-01,620.545,616.2,623.06,615.17,497685920
2012-02-02,621.575,621.3,623.43,619.62,448688800
2012-02-03,630.528,624.12,630.74,621.57,468438848
2012-02-06,630.579,629.12,630.58,626.85,381772960
2012-02-07,631.722,629.83,632.63,626.78,399793664
2012-02-08,632.505,631.45,633.35,628.62,407052832
2012-02-09,635.153,633.35,635.97,630.64,433341920
2012-02-10,630.557,634.61,635.15,628.18,403844192
2012-02-13,635.324,632.66,635.93,630.47,363478624
2012-02-14,635.63,634.2,635.65,631.35,391983136
2012-02-15,631.982,636.65,639.12,630.76,444925888
2012-02-16,639.026,631.67,639.52,631.28,441006816
2012-02-17,638.825,638.72,640.73,636.95,526049472
2012-02-20,638.825,638.72,640.73,636.95,526049472
2012-02-21,639.371,639.64,641.83,636.96,420945856
2012-02-22,638.679,638.61,640.57,637.41,407970208
2012-02-23,641.403,638.61,641.82,636.33,414188640
2012-02-24,643.638,642.1,645.02,641.37,359975808
2012-02-27,643.713,641.85,645.82,637.95,413062784
2012-02-28,646.086,644.12,646.61,643.27,433844672
2012-02-29,643.343,646.6,648.79,642.09,582202496
2012-03-01,647.413,644.65,648.34,643.32,443520192
2012-03-02,645.27,646.9,647.85,643.44,372640064
2012-03-05,641.681,645.17,645.23,638.97,397541024
2012-03-06,632.17,638.83,641.66,630.37,473276096
2012-03-07,636.453,633.5,637.53,632.07,412400160
2012-03-08,643.36,638.24,644.65,636.4,403546048
2012-03-09,645.673,643.89,647.29,643.36,382256384
2012-03-12,645.485,645.8,647.2,643.86,346706240
2012-03-13,656.318,645.31,656.35,645.31,467526240
2012-03-14,656.229,656.69,658.07,653.91,415353184
2012-03-15,659.456,657.33,659.58,655.72,428687712
2012-03-16,659.855,659.45,660.81,658.49,827530624
2012-03-19,663.15,660.28,664.44,659.4,344849760
2012-03-20,660.594,661.18,663.15,656.97,360884128
2012-03-21,660.277,660.8,662.61,659.29,400346368
2012-03-22,656.317,658.01,660.28,653.92,389843360
2012-03-23,657.628,656.78,658.75,653,374292800
2012-03-26,667.369,659.64,667.39,657.63,383366720
2012-03-27,666.18,667.52,668.79,665.93,374544192
2012-03-28,662.427,666.42,667.4,658.54,454557408
2012-03-29,662.063,660.42,662.69,656.56,425814976
2012-03-30,663.725,663.16,665.25,660.68,502687456
2012-04-02,669.449,663.48,670.85,662.06,435352416
2012-04-03,668.491,669.78,670.85,664.65,462978496
2012-04-04,661.05,666.15,668.48,658.33,459072704
2012-04-05,662.564,660.19,663.36,659.16,435523968
2012-04-06,662.564,660.19,663.36,659.16,435523968
2012-04-09,655.703,659.06,662.56,653.25,368588896
2012-04-10,644.095,655.3,656.15,643.15,503408256
2012-04-11,648.586,646.81,651.51,643.95,419508064
2012-04-12,657.68,648.98,658.06,648.58,383634816
2012-04-13,650.442,657.64,657.68,650.26,410212096
2012-04-16,647.489,652.61,654.24,646.11,422580544
2012-04-17,658.838,649.01,659.92,647.49,396023968
2012-04-18,657.292,658.86,659.73,655.93,394573088
2012-04-19,652.254,656.58,660.23,649.08,507985312
2012-04-20,652.544,653.84,657.62,652.23,602448448
2012-04-23,646.684,649.89,652.54,642.2,456442560
2012-04-24,646.297,646.37,649.22,644.16,446014880
2012-04-25,658.606,652.63,658.62,652.62,462925888
2012-04-26,662.374,658.91,663.54,657.4,460439200
2012-04-27,665.495,663.81,667.39,662.17,443878752
2012-04-30,662.234,665.49,665.49,660.94,453121952
2012-05-01,664.23,662,669.59,660.67,452411840
2012-05-02,664.459,662.47,664.84,659.61,419104704
2012-05-03,658.908,664.66,664.77,657.43,468848128
2012-05-04,647.014,656.35,658.9,646.57,451942112
2012-05-07,646.638,645.43,648.95,644.46,432251520
2012-05-08,643.705,644.66,646.52,634.2,536209984
2012-05-09,640.082,643.58,644.43,633.81,514883136
2012-05-10,640.273,640.08,644.73,638.89,457892384
2012-05-11,639.926,638.57,645.26,637.21,415873568
2012-05-14,632.813,634.03,639.92,631.94,435102144
2012-05-15,629.905,633.27,637,628.79,483814656
2012-05-16,627.189,630.53,634.69,626.97,477225504
2012-05-17,615.212,627.38,628.32,615.21,523169568
2012-05-18,609.623,615.91,619.18,608.33,665432384
2012-05-21,623.378,610.35,623.64,609.62,442245280
2012-05-22,622.987,624.36,628.67,619.77,461442880
2012-05-23,625.525,621.33,626.5,613.94,504001120
2012-05-24,625.056,626.46,627.42,620.57,491245472
2012-05-25,623.29,625.22,626.36,621.6,329458560
2012-05-28,623.29,625.22,626.36,621.6,329458560
2012-05-29,630.586,625.81,632.55,623.21,408632544
2012-05-30,621.655,628.12,630.43,620.07,436589536
2012-05-31,618.354,621.66,622.53,613.11,744675072
2012-06-01,602.278,614.29,618.35,601.85,562660352
2012-06-04,603.099,602.9,604.98,596.35,481392352
2012-06-05,606.126,601.63,607.15,600.92,415728000
2012-06-06,619.57,606.12,619.57,606.04,469736032
2012-06-07,618.932,622.1,626.1,617.94,458628000
2012-06-08,623.569,618.08,623.69,614.74,388688320
2012-06-11,614.831,625.97,628.22,614.23,401886880
2012-06-12,621.499,616.35,621.71,613.31,422425984
2012-06-13,615.531,620.27,622.62,613.67,419470624
2012-06-14,620.65,616.09,622.46,614.48,452961504
2012-06-15,627.703,620.95,627.94,620.64,779630336
2012-06-18,630.836,626.12,632.22,623.51,413185760
2012-06-19,637.397,632.39,639.78,630.83,439152128
2012-06-20,636.158,637.86,638.92,631.95,426978720
2012-06-21,620.459,635.9,636.54,620.07,493909120
2012-06-22,624.764,621.97,626.04,620.45,774453120
2012-06-25,614.552,621.82,624.65,612.71,380951232
2012-06-26,617.374,615.73,619.08,612.94,373651040
2012-06-27,621.134,618.58,622.55,617.31,354077408
2012-06-28,618.002,618.81,621.12,611.46,507217344
2012-06-29,634.428,622.91,634.43,618,514235616
2012-07-02,636.912,634.85,636.91,632.17,397841504
2012-07-03,641.459,636.65,641.51,636.21,230929040
2012-07-04,641.459,636.65,641.51,636.21,230929040
2012-07-05,641.395,640.76,643.91,638.11,345213888
2012-07-06,634.395,639.36,641.24,631.07,324355872
2012-07-09,633.864,633.95,634.75,631.24,337529024
2012-07-10,628.515,635.92,638.25,626.08,374719424
2012-07-11,625.745,627.9,628.77,621.53,392526368
2012-07-12,622.831,623.46,625.74,617.23,400191520
2012-07-13,632.069,623.8,632.66,622.83,332287680
2012-07-16,630.199,631.36,632.72,628.36,310237152
2012-07-17,633.968,630.29,635.01,626.17,382557952
2012-07-18,639.677,632.94,641.04,632.76,392968864
2012-07-19,643.955,641.66,645.89,639.67,410698432
2012-07-20,636.342,643.2,643.93,636.29,558183296
2012-07-23,630.157,631.4,636.34,623.16,365912160
2012-07-24,624.396,630.42,630.96,620.62,394066944
2012-07-25,623.319,622.92,626.53,620.27,427500160
2012-07-26,633.151,627.47,634.7,623.32,489749056
2012-07-27,645.833,634.9,647.13,633.13,484828480
2012-07-30,645.186,645.91,648.78,643.68,325820096
2012-07-31,642.403,645.2,646.38,642.34,436959488
2012-08-01,639.485,642.4,645.22,638.31,423336160
2012-08-02,636.304,637.21,640.36,631.8,414697440
2012-08-03,647.623,640.28,649.05,636.3,379886304
2012-08-06,649.369,648.46,651.78,647.62,322592768
2012-08-07,652.671,650.53,655.21,649.36,372313056
2012-08-08,652.035,651.07,653.42,650.07,357789440
2012-08-09,651.927,651.64,653.28,650,300577024
2012-08-10,653.231,650.71,653.28,649.22,304788384
2012-08-13,653.484,652.81,653.53,649.55,266846944
2012-08-14,653.839,654.58,656.21,652.41,301264672
2012-08-15,655.124,653.66,655.68,653.26,269736640
2012-08-16,660.051,655.25,661.06,654.47,344524576
2012-08-17,662.549,660.74,662.76,660.05,385730400
2012-08-20,661.928,662.16,662.54,659.31,300364896
2012-08-21,659.016,663.07,665.54,657.74,320186592
2012-08-22,660.114,658.96,661.44,656.82,311104192
2012-08-23,655.198,658.93,660.11,654.16,333224320
2012-08-24,659.594,654.8,660.6,653.85,288477888
2012-08-27,659.75,661.21,662.29,659.02,267135056
2012-08-28,659.721,659.7,661.36,657.44,264172480
2012-08-29,660.183,659.81,661.59,658.06,256316880
2012-08-30,654.528,658.29,660.05,653.76,257289648
2012-08-31,658.204,656.97,660.72,653.44,370572928
2012-09-03,658.204,656.97,660.72,653.44,370572928
2012-09-04,658.332,657.87,660.19,652.98,332022240
2012-09-05,657.033,657.99,659.74,656.04,315590848
2012-09-06,669.767,659.18,669.77,657,349481504
2012-09-07,671.138,669.63,671.59,669.45,329838624
2012-09-10,666.519,670.5,671.12,666.48,305371008
2012-09-11,667.447,666.75,669.59,666.52,299098400
2012-09-12,668.764,668.27,670.12,666.53,327651488
2012-09-13,678.326,669.25,680.23,668.74,382243904
2012-09-14,681.449,679.41,684.63,678.32,444767584
2012-09-17,681.062,681.47,682.02,679.46,329658912
2012-09-18,680.668,680.54,681.34,679.22,322406656
2012-09-19,682.15,680.75,683.78,679.96,341173664
2012-09-20,680.806,680.56,682.14,677.16,368592448
2012-09-21,680.972,682.03,684.17,680.59,949433600
2012-09-24,678.078,677.94,680.97,676.18,326003840
2012-09-25,670.392,678.79,680.72,670.39,387206432
2012-09-26,666.451,669.75,670.33,664.68,333453664
2012-09-27,673.59,667.28,674.85,667.28,302164352
2012-09-28,670.295,671.98,673.59,667.61,410192256
2012-10-01,671.349,671.75,677.24,669.59,357692864
2012-10-02,671.847,672.85,674.54,668.44,310352960
2012-10-03,675.506,673.01,676.27,670.66,335941344
2012-10-04,678.887,676.34,679.8,675.5,326909536
2012-10-05,678.129,680.19,683.36,676.46,312120960
2012-10-08,674.49,675.84,678.13,673.51,236961648
2012-10-09,666.105,671.04,674.48,665.97,317222656
2012-10-10,662.605,665.98,667.15,661.79,315920640
2012-10-11,661.574,665.14,667.41,661.57,306982560
2012-10-12,661.418,661.79,665.56,660.19,313208416
2012-10-15,666.635,662.51,667.11,660.86,305552480
2012-10-16,673.978,667.64,674.3,666.64,313564704
2012-10-17,673.668,672.89,674.92,671.53,366917920
2012-10-18,669.533,672.59,673.63,667.37,381314880
2012-10-19,657.677,669.09,669.51,656.67,546599744
2012-10-22,658.78,657.19,659.26,653.66,333151648
2012-10-23,650.911,656.16,658.78,648.03,365122688
2012-10-24,648.95,653.41,654.43,648.13,428232000
2012-10-25,649.366,651.29,654.02,646.72,407222464
2012-10-26,650.231,649.44,652.5,645.23,412437952
2012-10-29,650.231,649.44,652.5,645.23,412437952
2012-10-30,650.231,649.44,652.5,645.23,412437952
2012-10-31,650.135,650.18,653.04,647.43,452202624
2012-11-01,658.501,651.94,659.22,650.12,420313248
2012-11-02,651.968,660.53,661.53,651.84,396713824
2012-11-05,654.333,652.41,655.44,650.16,309583328
2012-11-06,658.398,655.01,660.74,654.29,355464896
2012-11-07,645.557,654.5,658.26,642.44,420873376
2012-11-08,636.708,646.41,647.36,636.71,381386144
2012-11-09,638.502,636.7,643.55,635.55,386978752
2012-11-12,638.992,640.4,641.48,637.35,205492112
2012-11-13,637.04,638.93,642.85,634.84,373078560
2012-11-14,627.901,637.96,639.13,626.73,437687968
2012-11-15,626.482,628.01,629.64,623.68,407511680
2012-11-16,629.968,626.48,631.14,622.4,523772480
2012-11-19,643.638,633.14,643.64,629.96,374671648
2012-11-20,644.18,643.4,644.83,639.27,331528160
2012-11-21,645.87,644.53,646.4,643.76,265306016
2012-11-22,645.87,644.53,646.4,643.76,265306016
2012-11-23,654.545,647.88,654.55,645.83,152465312
2012-11-26,653.778,653.67,654.54,649.81,341910656
2012-11-27,651.407,653.42,655.32,651,341190080
2012-11-28,656.354,649.6,656.51,645.36,381136832
2012-11-29,659.474,657.8,660.73,656.19,358319392
2012-11-30,659.395,659.51,660.53,656.95,681602752
2012-12-03,656.535,661.5,663.25,656.19,350067680
2012-12-04,655.055,656.19,657.52,653.33,351559040
2012-12-05,652.831,654.54,655.76,648.36,367757600
2012-12-06,655.46,651.84,656.24,650.86,332065760
2012-12-07,655.529,656.81,658.44,653.1,302369696
2012-12-10,655.977,654.57,658.16,654.29,298216736
2012-12-11,661.056,658.14,664.01,655.98,366542272
2012-12-12,659.817,662.62,664.12,658.9,348082048
2012-12-13,655.764,659.06,661.76,654.21,346797600
2012-12-14,651.863,653.59,655.76,651.04,366095520
2012-12-17,659.164,652.11,659.25,651.86,375067808
2012-12-18,666.677,660.32,667.36,659.15,379311744
2012-12-19,662.432,667.19,667.44,662.43,371468928
2012-12-20,664.995,663.23,665,660.38,325690944
2012-12-21,659.793,661.02,664.93,656.33,970833088
2012-12-24,658.302,658.65,659.67,657.43,134397648
2012-12-25,658.302,658.65,659.67,657.43,134397648
2012-12-26,653.306,658.11,658.86,651.96,207690240
2012-12-27,653.5,653.31,655.01,646.2,258952672
2012-12-28,646.704,651.04,653.48,646.46,245568384
2012-12-31,658.144,646.48,658.5,645.06,349144576
2013-01-01,658.144,646.48,658.5,645.06,349144576
2013-01-02,675.224,658.06,675.22,658.05,433860960
2013-01-03,673.903,674.69,677.03,672.05,356423072
2013-01-04,675.362,673.95,676.39,672.72,340082336
2013-01-07,674.286,674.31,675.36,671.8,316717600
2013-01-08,672.528,674.29,674.39,669.62,344810432
2013-01-09,675.115,672.53,676.14,672.53,315752736
2013-01-10,678.434,677.42,678.64,673.43,354495680
2013-01-11,679.001,678.32,679.22,676.85,296564512
2013-01-14,677.365,677.29,678.67,675.75,307790304
2013-01-15,677.164,675.47,677.7,673.44,313205120
2013-01-16,677.401,677.18,678.48,675.12,297409504
2013-01-17,681.396,679.1,683.35,678.83,334272960
2013-01-18,683.214,681.396,683.214,678.71,522107040
2013-01-21,683.214,681.396,683.214,678.71,522107040
2013-01-22,685.06,683.42,685.06,680.72,343503712
2013-01-23,687.502,685.06,688.24,685.06,323129216
2013-01-24,685.295,683.38,688.94,683.38,380703232
2013-01-25,688.763,686.05,689.54,685.84,393145216
2013-01-28,687.844,688.73,689.34,686.42,330632896
2013-01-29,689.278,687.45,690.04,684.6,352312128
2013-01-30,686.898,689.61,690.94,686.06,355150880
2013-01-31,685.875,686.89,689.03,685.22,508224864
2013-02-01,693.069,687.98,693.57,687.98,391389056
2013-02-04,684.576,691.23,691.23,684.36,387507136
2013-02-05,691.54,686.31,692.94,686.31,370831008
2013-02-06,691.398,689.96,692.3,689.04,377699360
2013-02-07,691.163,691.69,691.73,685.5,374997984
2013-02-08,696.128,692.69,696.31,692.69,330897312
2013-02-11,694.808,696.18,696.18,693.47,276378560
2013-02-12,693.795,694.55,695.48,693.49,355303616
2013-02-13,694.02,694.24,696.07,692.05,341920768
2013-02-14,694.423,692.55,695.37,691.85,345212384
2013-02-15,694.586,694.47,696.34,692.18,502808576
2013-02-18,694.586,694.47,696.34,692.18,502808576
2013-02-19,698.114,695.33,698.114,695.08,356277600
2013-02-20,689.861,697.83,697.88,689.82,380046048
2013-02-21,685.157,688.68,688.68,682.86,413931520
2013-02-22,691.566,686.82,691.57,686.81,322736096
2013-02-25,681.122,693.83,696.35,681.12,416746848
2013-02-26,685.122,682.36,686.01,679.91,388061248
2013-02-27,693.141,684.99,695.62,684.38,346775136
2013-02-28,692.889,693.08,697.8,692.88,551543552
2013-03-01,694.56,691.64,695.17,687.06,385236544
2013-03-04,697.468,694.42,697.47,691.74,351227520
2013-03-05,704.856,699.39,705.9,699.39,342996672
2013-03-06,704.273,705.72,706.52,703.24,315896512
2013-03-07,705.265,704.56,705.93,703.87,321253536
2013-03-08,708.561,706.71,709.06,704.73,308620288
2013-03-11,710.152,707.76,710.152,707.01,293622240
2013-03-12,708.079,709.39,709.64,706,311101568
2013-03-13,709.117,708.04,710.29,706.15,285063712
2013-03-14,712.448,710.28,712.45,710.28,310657248
2013-03-15,710.489,712.66,712.66,709.09,861592128
2013-03-18,707.579,707.78,710.26,703.76,317812320
2013-03-19,706.085,708.8,709.91,701.31,323527072
2013-03-20,711.12,707.55,712.21,707.55,320425856
2013-03-21,705.406,708.4,708.89,704.08,325286464
2013-03-22,710.963,707.1,711.33,707.1,316655424
2013-03-25,708.598,712.2,714.41,706.1,334897280
2013-03-26,714.176,710.19,714.21,710.19,263342576
2013-03-27,714.281,712.01,714.8,708.62,277512000
2013-03-28,717.947,714.13,718.27,713.49,413850816
2013-03-29,717.947,714.13,718.27,713.49,413850816
2013-04-01,713.164,717.82,718.04,711.63,282079840
2013-04-02,717.065,714.59,718.76,714.59,312127808
2013-04-03,709.947,717.4,717.98,708.21,402302720
2013-04-04,711.866,710.3,712.95,708.85,327483712
2013-04-05,708.025,707.83,708.62,702,355091936
2013-04-08,712.681,707.87,712.681,706.5,290034592
2013-04-09,714.911,713.57,717.05,711.23,319912992
2013-04-10,724.59,715.78,725.12,715.78,345830368
2013-04-11,726.994,723.7,728.42,723.7,361442912
2013-04-12,725.812,726.15,726.15,721.35,324680160
2013-04-15,708.977,724.07,724.07,708.977,436148224
2013-04-16,720.136,711.16,720.34,711.16,349714752
2013-04-17,709.952,717.23,717.23,706.54,416499136
2013-04-18,704.058,711.18,711.42,701.59,392854848
2013-04-19,710.523,703.51,711.38,703.51,482921440
2013-04-22,715.039,711.85,716.49,708.46,348341280
2013-04-23,721.762,717.35,722.63,715.24,354438208
2013-04-24,720.977,720.91,723.55,720.02,367999264
2013-04-25,724.834,722.06,727.63,722.06,403405632
2013-04-26,723.239,724.59,725.07,721.27,372187264
2013-04-29,728.923,724.47,730.22,724.47,323388960
2013-04-30,732.551,729.13,732.551,726.46,485290944
2013-05-01,726.382,732.09,732.09,725.63,368968416
2013-05-02,733.726,727.41,734.38,727.08,342664288
2013-05-03,741.772,736.79,743.48,736.79,342987328
2013-05-06,742.775,742.24,743.62,741.26,297872576
2013-05-07,746.127,743.67,746.13,742,309259776
2013-05-08,749.104,745.91,749.104,744.63,353561568
2013-05-09,747.326,748.5,751.14,745.87,332867488
2013-05-10,751.447,747.94,751.45,747.03,306394176
2013-05-13,751.271,750.73,753.09,748.92,303374336
2013-05-14,757.95,751.25,758.33,751.25,348682944
2013-05-15,761.099,757.19,761.87,756.6,370612416
2013-05-16,756.567,759.94,761.15,755.84,356963648
2013-05-17,763.922,757.83,763.922,757.83,457321472
2013-05-20,762.548,762.89,765.82,761.41,335688256
2013-05-21,763.556,762.46,766.33,760.82,342664992
2013-05-22,756.802,763.75,770.82,753.82,438336256
2013-05-23,754.458,753.69,756.68,748.7,399982016
2013-05-24,753.902,752.16,753.93,747.78,311176640
2013-05-27,753.902,752.16,753.93,747.78,311176640
2013-05-28,758.479,757.36,764.98,756.31,361323936
2013-05-29,751.365,756.25,756.25,748.12,329705728
2013-05-30,753.841,752.23,757.05,752.12,328558528
2013-05-31,744.629,752.56,756.45,744.629,540312256
2013-06-03,747.578,745.38,747.58,739.73,425865472
2013-06-04,743.045,747.74,750.5,739.75,392433696
2013-06-05,732.801,741.44,742.21,732.15,379641408
2013-06-06,738.655,732.95,738.66,728.59,407012832
2013-06-07,748.66,740.12,748.89,740.12,391253728
2013-06-10,747.856,749.56,750.73,746.59,291184704
2013-06-11,740.982,744.81,747.25,738.72,307353344
2013-06-12,734.143,743.17,745.85,733.49,311532576
2013-06-13,743.766,733.82,745.09,731.79,338260544
2013-06-14,740.814,743.11,746.07,739.45,309284704
2013-06-17,745.763,742.85,749.11,742.2,331236320
2013-06-18,751.863,746.05,752.92,746.05,298031968
2013-06-19,741.308,751.87,752.3,741.3,353624896
2013-06-20,722.607,738.18,738.18,721.02,457653440
2013-06-21,723.039,722.67,726.43,716.87,981504576
2013-06-24,715.448,720.34,721.31,709.28,430729952
2013-06-25,721.046,718.13,723.44,717.03,363144896
2013-06-26,728.529,720.99,730.18,720.99,351626432
2013-06-27,732.451,730.71,735.64,730.71,336559104
2013-06-28,729.585,731.3,734.15,726.93,855931200
2013-07-01,735.16,733.04,740.04,733.04,369978848
2013-07-02,734.645,734.92,739.21,731.27,368943392
2013-07-03,736.295,732.94,738.34,730.86,233084960
2013-07-04,736.295,732.94,738.34,730.86,233084960
2013-07-05,743.503,738.28,743.52,735.82,277588640
2013-07-08,746.733,745.2,749.27,745.2,573392960
2013-07-09,751.259,748.57,752.29,747.84,358813856
2013-07-10,753.06,750.88,754.82,750.36,356627168
2013-07-11,764.122,753,764.57,753,394304192
2013-07-12,766.338,764.32,766.34,762.19,455020736
2013-07-15,766.789,766.41,767.39,764.77,300764704
2013-07-16,763.843,766.9,767.19,762.28,320523616
2013-07-17,766.167,765.04,767.3,764.74,344398432
2013-07-18,767.916,766.22,770.12,765.78,349844416
2013-07-19,766.224,764.79,766.23,763.46,518152960
2013-07-22,768.091,767.62,768.77,765.87,323287264
2013-07-23,765.255,768.76,769.67,764.89,319331264
2013-07-24,763.82,768.39,769.28,762.49,388770144
2013-07-25,767.427,764.8,767.84,762.76,451504448
2013-07-26,768.55,765.62,768.57,761.59,371400544
2013-07-29,765.817,767.23,768.9,764.31,316646400
2013-07-30,767.84,766.2,769.86,765.81,387575520
2013-07-31,767.615,769.12,772.95,767.28,450939296
2013-08-01,778.548,770.2,779.14,770.2,405331712
2013-08-02,780.879,778.42,780.88,776.38,357013664
2013-08-05,780.584,780.2,781.05,778.75,268413152
2013-08-06,775.903,779.78,779.78,773.6,330681728
2013-08-07,772.562,774.46,774.46,769.37,325145344
2013-08-08,776.055,774.46,777.41,772.18,337994400
2013-08-09,773.752,775.25,777.33,771.44,282117760
2013-08-12,773.545,771.84,774.54,770.47,265428592
2013-08-13,775.08,773.96,776.03,769.42,300334656
2013-08-14,770.236,774.71,775.07,770.09,301368800
2013-08-15,758.715,766.95,766.95,757.32,346962720
2013-08-16,756.73,758.33,760.21,755.86,406731232
2013-08-19,754.227,756.56,759.93,754.17,294600512
2013-08-20,757.482,755.16,760.64,754.75,285510944
2013-08-21,754.097,756.28,760.56,752.57,333307072
2013-08-22,761.291,755.56,762.05,755.56,254589552
2013-08-23,764.977,764.06,765.54,760.93,341191392
2013-08-26,763.778,765.62,769.21,763.18,309989600
2013-08-27,750.927,763.67,763.67,750.1,336482720
2013-08-28,752.812,750.7,755.44,749.97,291646112
2013-08-29,756.463,751.51,759.8,751.15,273850912
2013-08-30,752.937,756.54,757.13,750.9,370184288
2013-09-02,752.937,756.54,757.13,750.9,370184288
2013-09-03,756.602,755.19,761.21,753.26,396040032
2013-09-04,762.518,756.82,763.53,755.39,369091008
2013-09-05,763.942,762.66,765.76,762.42,307915520
2013-09-06,764.488,763.9,768.75,757.41,366643136
2013-09-09,772.799,765.88,773.25,765.88,316372640
2013-09-10,778.482,774.82,778.51,774.82,424979456
2013-09-11,781.177,776.89,781.18,775.92,348891456
2013-09-12,779.804,781.04,782.41,778.77,320509632
2013-09-13,781.568,780.59,781.7,777.98,287499648
2013-09-16,785.126,784.32,789.19,783.96,330199552
2013-09-17,789.521,785.68,789.89,785.68,312927360
2013-09-18,799.342,789.5,800.31,787.48,385654240
2013-09-19,800.063,800.79,802.47,798.88,360956224
2013-09-20,794.435,800.68,801.11,794.04,1050925888
2013-09-23,791.001,795.55,795.61,788.34,357413952
2013-09-24,789.81,791.54,794.16,787.81,364563744
2013-09-25,786.446,790.08,790.89,785.78,324121696
2013-09-26,791.986,787.89,793.09,787.89,311624992
2013-09-27,789.34,791.98,791.98,786.34,309370464
2013-09-30,785.462,785.88,787.79,781.31,445027936
2013-10-01,793.11,786,793.26,785.9,367795648
2013-10-02,791.765,790.45,791.77,785.97,338117632
2013-10-03,784.58,790.75,791.29,780.33,380890400
2013-10-04,790.366,784.77,791.29,784.07,309550400
2013-10-07,783.027,787.72,788.4,783.02,303653984
2013-10-08,770.609,782.88,782.88,770.53,403036928
2013-10-09,769.005,771.57,771.95,764.15,441798208
2013-10-10,786.187,772.77,786.4,772.77,390701472
2013-10-11,791.259,785.53,791.34,784.81,331137344
2013-10-14,795.045,788.66,795.55,786.32,310814816
2013-10-15,789.61,794.32,795.84,788.6,372080928
2013-10-16,800.354,792.04,800.36,792.04,367076224
2013-10-17,805.224,798.35,805.42,796.98,386051680
2013-10-18,812.23,808.32,812.34,807.32,480104384
2013-10-21,812.153,812.92,813.53,809.98,343338624
2013-10-22,816.625,814.04,819.28,812.33,404336416
2013-10-23,813.407,814.55,814.55,809.65,390507584
2013-10-24,817.278,813.81,817.93,813.8,421885536
2013-10-25,821.091,820.62,821.45,817.15,430513472
2013-10-28,821.729,820.92,823.14,819.23,382097952
2013-10-29,826.068,823.44,826.14,821.58,361452736
2013-10-30,821.423,827,827.77,818.72,381382048
2013-10-31,819.46,821.12,824.88,818.02,508702208
2013-11-01,821.381,821.19,824.34,817.73,395187712
2013-11-04,823.85,823.04,824.1,820.97,329472800
2013-11-05,822.649,822.59,824.37,817.74,382475648
2013-11-06,824.467,824.12,827.32,821.76,379086848
2013-11-07,811.831,824.76,826.25,811.27,464886528
2013-11-08,821.163,812.95,821.163,811.43,406552448
2013-11-11,821.851,820.79,823.02,820.11,286269984
2013-11-12,821.426,820.4,822.17,818.53,370518240
2013-11-13,829.381,819.18,829.381,818.27,372119456
2013-11-14,833.65,829.91,834.2,829.2,337561376
2013-11-15,836.691,833.91,836.72,833.73,447932000
2013-11-18,831.594,836.98,838.67,830.06,360424960
2013-11-19,828.395,830.85,832.72,827.13,335514272
2013-11-20,825.216,829.38,832.3,823.26,332165600
2013-11-21,831.816,826.92,832.23,826.92,329291936
2013-11-22,837.038,833.16,837.07,832.47,335219584
2013-11-25,835.544,838.35,838.89,834.65,365126048
2013-11-26,837.745,835.97,840.31,834.73,440171904
2013-11-27,840.385,838.74,840.72,837.97,267845168
2013-11-28,840.385,838.74,840.72,837.97,267845168
2013-11-29,840.947,841.64,843.77,840.21,231656304
2013-12-02,838.249,841.99,842.35,837.22,349823968
2013-12-03,835.796,837.2,837.78,832.76,383679392
2013-12-04,834.472,833.84,837.43,827.79,401979008
2013-12-05,832.808,834.37,835.04,831.72,395964224
2013-12-06,840.335,836.03,841.01,836.03,359274944
2013-12-09,841.728,841.55,843.71,840.9,357594688
2013-12-10,839.074,840.77,842.15,838.63,355023936
2013-12-11,830.634,839.56,840.51,829.7,387197312
2013-12-12,827.697,830.52,831.01,826.57,396262240
2013-12-13,828.037,829.57,830.94,826.55,333344736
2013-12-16,833.27,829.78,835.71,829.78,405211680
2013-12-17,831.282,833.33,833.73,828.98,387441248
2013-12-18,843.404,831.64,843.51,824.42,510692576
2013-12-19,842.823,842.13,843.41,839.17,403180864
2013-12-20,848.934,843.69,851,843.64,1097352960
2013-12-23,854.144,853.55,854.42,851.54,346724640
2013-12-24,856.538,854.32,856.56,854.32,149535328
2013-12-25,856.538,854.32,856.56,854.32,149535328
2013-12-26,860.529,857.62,860.97,857.62,229130992
2013-12-27,859.234,861.44,862.09,858.71,212636416
2013-12-30,859.939,859.13,860.43,857.87,234556768
2013-12-31,863.808,860.87,864.16,860.81,281014944
2014-01-01,863.808,860.87,864.16,860.81,281014944
2014-01-02,856.457,862.29,862.29,854.17,336006240
2014-01-03,854.846,857.12,858.78,854.18,297185600
2014-01-06,850.876,855.54,856.7,849.23,456390272
2014-01-07,857.161,852.43,858.19,852.43,393954368
2014-01-08,857.664,857.04,859.06,854.07,437858272
2014-01-09,857.785,859.07,861.18,854.19,417251936
2014-01-10,861.278,859.28,861.29,855.77,383084736
2014-01-13,848.854,848.854,848.854,848.854,439419296
2014-01-14,859.778,859.778,859.778,859.778,409885216
2014-01-15,864.235,861.12,865.18,861.08,407394944
2014-01-16,864.36,863.74,864.785,861.7,367330368
2014-01-17,861.558,863.567,864.932,859.88,572202624
2014-01-20,861.558,863.567,864.932,859.88,572202624
2014-01-21,864.778,864.271,867.648,859.425,423928224
2014-01-22,865.923,865.878,866.616,863.384,392358016
2014-01-23,859.732,864.431,864.431,855.373,443275328
2014-01-24,841.315,857.862,857.862,841.314,537624256
2014-01-27,835.404,842.003,843.32,830.43,474008480
2014-01-28,840.362,834.315,840.838,834.315,386150944
2014-01-29,831.001,836.292,837.176,829.372,459248512
2014-01-30,842.405,836.098,845.01,836.098,426581760
2014-01-31,838.586,838.199,843.586,832.526,546553024
2014-02-03,817.802,838.956,839.558,816.859,570123712
2014-02-04,825.273,820.236,826.801,819.293,487117440
2014-02-05,823.557,823.624,825.432,815.365,460851296
2014-02-06,833.814,824.818,834.114,824.818,426576800
2014-02-07,846.158,836.713,846.541,836.404,452717312
2014-02-10,848.592,845.893,848.762,844.473,369756928
2014-02-11,857.094,849.205,858.71,849.196,412304064
2014-02-12,858.375,857.853,860.945,856.537,386146464
2014-02-13,864.35,855.008,864.797,853.956,419611136
2014-02-14,866.31,863.478,867.719,861.607,361599360
2014-02-17,866.31,863.478,867.719,861.607,361599360
2014-02-18,868.536,867.003,869.494,864.568,407074304
2014-02-19,863.241,867.011,870.529,862.269,393205696
2014-02-20,869.275,863.837,870.449,861.456,408062528
2014-02-21,867.846,870.479,872.451,867.525,498586624
2014-02-24,872.578,868.99,877.725,868.871,558641280
2014-02-25,872.914,873.035,876.27,869.982,391802176
2014-02-26,873.615,874.221,878.154,871.46,393638464
2014-02-27,878.878,873.324,879.522,872.484,409300800
2014-02-28,880.128,879.456,884.806,873.981,527025248
2014-03-03,873.834,877.344,877.344,867.461,383538240
2014-03-04,887.169,878.877,888.194,878.877,425669504
2014-03-05,886.642,887.37,887.997,885.485,355912096
2014-03-06,886.806,887.962,889.905,885.644,361360064
2014-03-07,885.464,889.043,889.608,882.204,384848064
2014-03-10,884.331,885.019,885.491,879.801,339810656
2014-03-11,881.071,885.235,888.358,879.046,348577088
2014-03-12,881.388,878.939,881.414,873.692,365536032
2014-03-13,869.526,882.79,884.302,867.062,394433088
2014-03-14,867.234,868.304,872.419,866.662,406584320
2014-03-17,875.269,870.324,877.838,870.324,342647744
2014-03-18,882.587,876.187,883.242,876.187,319981344
2014-03-19,876.014,882.048,883.063,871.271,357622208
2014-03-20,879.448,874.996,880.247,871.985,328730816
2014-03-21,873.763,881.262,883.843,872.457,1137425280
2014-03-24,867.373,875.256,877.113,862.461,458476928
2014-03-25,869.435,869.985,874.989,864.768,392790432
2014-03-26,861.555,871.266,874.458,861.555,429111104
2014-03-27,859.331,860.882,863.301,855.06,416704608
2014-03-28,862.57,861.105,868.14,860.349,347832960
2014-03-31,870.068,865.656,871.883,865.656,427200992
2014-04-01,879.231,876.631,879.276,872.368,398115360
2014-04-02,881.596,880.619,882.514,879.12,368642976
2014-04-03,877.732,882.233,883.073,874.39,413329952
2014-04-04,862.752,880.447,881.876,861.26,503674272
2014-04-07,853.005,860.714,862.55,849.632,511613600
2014-04-08,857.124,853.255,858.338,849.246,457240704
2014-04-09,869.057,858.812,869.217,858.209,403892352
2014-04-10,848.289,868.946,869.104,846.741,492995296
2014-04-11,838.759,844.403,849.431,837.952,490844192
2014-04-14,845.342,842.245,848.495,838.491,393605088
2014-04-15,850.334,847.477,852.246,836.206,464022656
2014-04-16,860.851,853.496,860.855,852.999,399170304
2014-04-17,861.341,860.225,863.526,856.556,470457568
2014-04-18,861.341,860.225,863.526,856.556,470457568
2014-04-21,865.727,861.972,865.763,860.068,340163680
2014-04-22,871.21,866.913,873.61,866.885,390750912
2014-04-23,867.363,871.397,871.422,867.009,387681024
2014-04-24,868.971,872.182,872.541,863.561,435891648
2014-04-25,859.141,866.206,866.343,857.526,426423520
2014-04-28,861.567,861.434,866.884,851.813,479325440
2014-04-29,866.145,863.226,867.59,861.333,385258656
2014-04-30,869.28,864.181,869.711,862.287,485624032
2014-05-01,870.522,870.276,873.886,867.667,404228928
2014-05-02,869.92,871.55,873.717,868.586,382179520
2014-05-05,873.207,867.136,873.6,863.214,333332288
2014-05-06,864.815,871.844,871.871,864.768,384968544
2014-05-07,866.703,865.326,867.786,857.433,484689632
2014-05-08,865.044,865.363,873.196,862.337,414391040
2014-05-09,868.286,864.484,868.31,860.697,371047680
2014-05-12,878.413,870.7,878.624,870.7,358548608
2014-05-13,878.091,878.925,881.553,877.52,345220576
2014-05-14,873.554,877.38,878.123,872.139,337737536
2014-05-15,865.334,872.47,872.47,860.42,429939712
2014-05-16,870.26,865.855,870.556,862.933,450782752
2014-05-19,874.366,868.802,874.919,867.344,329366272
2014-05-20,868.084,873.811,873.83,865.828,346104384
2014-05-21,875.653,868.985,875.747,868.985,330913888
2014-05-22,878.598,876.011,880.612,874.606,331243520
2014-05-23,883.564,879.572,883.801,878.556,307458208
2014-05-26,883.564,879.572,883.801,878.556,307458208
2014-05-27,889.901,885.632,889.944,885.632,362359200
2014-05-28,887.596,889.833,890.132,886.295,333504576
2014-05-29,893.285,889.243,893.285,888.291,312286144
2014-05-30,894.776,893.228,894.956,890.952,496274016
2014-06-02,895.329,895.387,895.753,890.274,324982240
2014-06-03,893.893,895.329,895.329,891.627,333589984
2014-06-04,896.009,892.562,896.509,890.311,328386368
2014-06-05,901.956,896.64,902.83,893.531,349340192
2014-06-06,906.036,903.757,906.036,903.524,331301056
2014-06-09,906.637,914.336,914.574,904.43,335081856
2014-06-10,905.716,905.615,906.21,902.865,345016704
2014-06-11,903.047,903.977,903.977,900.752,303544608
2014-06-12,895.194,902,902.145,892.905,372615808
2014-06-13,897.265,896.307,897.917,892.535,347642112
2014-06-16,898.291,896.389,899.792,894.606,329425696
2014-06-17,899.842,897.707,901.384,896.615,335012544
2014-06-18,906.339,900.152,906.58,897.883,345329280
2014-06-19,906.996,907.17,908.35,903.74,364301696
2014-06-20,907.926,907.52,908.11,906.11,961856128
2014-06-23,907.542,907.87,908.11,905.7,332570816
2014-06-24,902.256,907.14,910.69,901.25,382768896
2014-06-25,908.066,901.52,908.86,901.33,369576032
2014-06-26,907.388,907.96,908.08,901.61,326660544
2014-06-27,910.502,906.66,910.63,906.08,696002176
2014-06-30,910.915,910.51,912.49,909.42,460268032
2014-07-01,918.611,910.92,920.97,910.92,399232224
2014-07-02,919.011,918.64,920.26,917.82,334310816
2014-07-03,923.971,921.64,923.971,920.24,336868576
2014-07-04,923.971,921.64,923.971,920.24,336868576
2014-07-07,919.204,922.8,922.8,918.18,346589984
2014-07-08,910.573,917.73,917.73,907.46,448036960
2014-07-09,915.43,912,915.97,910.65,359012032
2014-07-10,911.386,910.12,914.5,904.48,368937920
2014-07-11,913.579,912.2,914.07,909.84,315950976
2014-07-14,918.775,916.35,920.3,916.35,339100864
2014-07-15,913.936,919.09,920.27,909.95,449098080
2014-07-16,915.169,917.04,918.81,913.39,433940544
2014-07-17,904.195,913.26,915.33,902.65,448525952
2014-07-18,915.435,906.68,916.24,906.34,478098496
2014-07-21,912.985,913.62,914.46,909.77,336402816
2014-07-22,918.192,915.13,919.65,914.58,379430400
2014-07-23,920.771,919.77,922.13,918.65,409768128
2014-07-24,921.183,921.81,923.24,920.17,419663840
2014-07-25,916.378,918.2,918.95,914.24,374050368
2014-07-28,915.972,916.71,917.62,910.59,395228800
2014-07-29,912.967,917.02,919.56,912.967,432453792
2014-07-30,914.896,916.17,918.1,911.47,423041856
2014-07-31,896.278,910.61,910.61,896.03,545692288
2014-08-01,894.095,894.8,899.85,889.47,467495040
2014-08-04,900.581,895.7,902.73,892.47,407483648
2014-08-05,893.426,898.48,899.89,890.21,440535872
2014-08-06,892.919,890.61,896.96,888.51,440780544
2014-08-07,888.332,895.39,896.98,886.11,415653408
2014-08-08,897.876,889.16,898.28,887.86,393103616
2014-08-11,901.987,899.72,905.42,899.72,340184864
2014-08-12,899.641,901.23,903.06,896.86,320051904
2014-08-13,906.614,902.3,907.4,901.68,335791680
2014-08-14,910.833,907.72,910.84,907.48,296941152
2014-08-15,912.472,913.68,916.03,905.72,485319392
2014-08-18,921.153,915.64,921.53,915.64,371877344
2014-08-19,926.513,922.49,927.06,922.49,338689504
2014-08-20,928.705,925.42,929.69,924.58,325662880
2014-08-21,929.366,929.1,930.46,927.86,314876064
2014-08-22,929.472,929.47,931.3,927.01,302408384
2014-08-25,933.853,932.51,935.61,932.45,285503648
2014-08-26,935.116,934.56,936.75,934.07,276166240
2014-08-27,934.388,935.42,935.93,932.67,292527456
2014-08-28,932.683,932,933.82,929.53,291791584
2014-08-29,935.679,934.55,935.91,931.44,375511712
2014-09-01,935.679,934.55,935.91,931.44,375511712
2014-09-02,937.035,937.03,938.47,933.72,362363584
2014-09-03,934.078,938.62,939.54,932.86,362003488
2014-09-04,932.182,935.15,939.09,930.11,378600512
2014-09-05,937.049,932.16,937.05,928.38,373137888
2014-09-08,935.231,936.31,937.41,931.92,358910752
2014-09-09,928.908,934.95,936.14,927.25,382920128
2014-09-10,933.865,929.18,934.23,926.54,368387776
2014-09-11,933.797,931.88,933.88,928.75,342163584
2014-09-12,927.774,933.25,933.25,925.34,388611776
2014-09-15,923.7,927.78,927.78,921.49,364047776
2014-09-16,931.284,921.53,932.51,920.33,381178400
2014-09-17,932.35,931.74,936.49,928.15,403300384
2014-09-18,937.354,934.08,937.5,933.93,369082432
2014-09-19,936.296,939.07,940.54,933.93,1183854464
2014-09-22,927.249,935.19,935.19,924.97,403853344
2014-09-23,922.71,924.83,928.04,922.71,401960640
2014-09-24,931.504,923.1,932.15,921.16,403884928
2014-09-25,915.659,929.39,929.68,915.659,427821824
2014-09-26,925.201,916.92,926.39,916.92,357470784
2014-09-29,923.774,920.5,925.16,916.02,366220032
2014-09-30,921.05,924.77,926.9,919.39,489549760
2014-10-01,907.741,920.05,920.05,905.1,515026816
2014-10-02,908.176,907.58,910.62,897.46,453478464
2014-10-03,918.572,910.91,920.48,910.91,487149568
2014-10-06,916.315,920.6,922.93,913.44,368882816
2014-10-07,902.775,913.81,913.83,902.71,425127200
2014-10-08,918.441,902.84,919.29,897.31,500893344
2014-10-09,900.514,917.39,917.88,900.26,511673280
2014-10-10,886.798,900.37,904.13,886.798,652438272
2014-10-13,869.887,886.59,889.3,869.61,597356736
2014-10-14,871.881,873.26,881.69,869.28,606978624
2014-10-15,867.998,865.75,871.45,847.82,771345280
2014-10-16,868.791,859.84,874.88,854.23,665269248
2014-10-17,880.22,868.79,886.03,868.79,686245952
2014-10-20,889.611,879.96,890.03,877.92,455753024
2014-10-21,908.452,894.68,908.54,894.57,495814304
2014-10-22,900.253,908.9,911.49,900.1,495847872
2014-10-23,913.148,904.62,918.18,904.62,489875392
2014-10-24,919.017,913.58,919.4,910.7,424008320
2014-10-27,917.765,917.49,918.88,912.22,402954368
2014-10-28,929.647,919.9,929.65,919.9,457073280
2014-10-29,926.836,928.32,931.27,921.08,476713536
2014-10-30,933.443,925.03,935.66,923.86,448751232
2014-10-31,944.516,939.6,944.86,939.6,596551104
2014-11-03,945.305,945.07,948.27,943.37,447536032
2014-11-04,941.179,943.51,943.77,936.16,493781088
2014-11-05,943.733,941.18,946.27,940.88,466566336
2014-11-06,948.635,943.21,948.87,941.82,434727008
2014-11-07,948.344,948.79,949.52,944.5,440376224
2014-11-10,951.511,948.81,952.14,947.62,406295040
2014-11-11,952.654,951.47,952.91,949.5,338906560
2014-11-12,953.914,950.76,954.9,949.61,391200256
2014-11-13,954.923,954.82,958.22,950.65,405676704
2014-11-14,955.391,954.93,956.08,952.3,394846880
2014-11-17,953.976,954.12,956.81,951.81,397410048
2014-11-18,959.932,954.31,961.76,954.13,408468192
2014-11-19,958.002,959.03,959.72,953.97,393529440
2014-11-20,959.998,955.45,961.48,954.17,399477152
2014-11-21,965.14,964.57,968.81,962.27,568438848
2014-11-24,969.861,966.65,970.03,966.51,409981280
2014-11-25,969.545,971.08,973.24,968.79,520099776
2014-11-26,972.656,969.93,972.91,969.26,465425600
2014-11-27,972.656,969.93,972.91,969.26,465425600
2014-11-28,972.694,974.69,975.61,971.55,337821664
2014-12-01,962.245,970.96,970.96,961.79,470213408
2014-12-02,966.355,962.69,967.44,962.03,415593920
2014-12-03,970.128,967.11,970.9,965.66,445509472
2014-12-04,969.711,969.36,972.29,965.8,442431296
2014-12-05,970.278,970.49,972.02,968.17,410112352
2014-12-08,962.236,969.31,971,959.48,466863264
2014-12-09,962.673,956.31,963.02,949.16,442226048
2014-12-10,946.796,961.23,961.29,945.9,483801248
2014-12-11,951.167,949.11,960.52,949.11,421839968
2014-12-12,937.755,946.79,950.18,937.755,531133952
2014-12-15,932.09,941.36,945.66,928.54,556954880
2014-12-16,922.084,928.38,942.4,922.02,562113344
2014-12-17,940.438,923.41,942.32,923.06,545941056
2014-12-18,962.808,947.5,962.81,947.5,555128576
2014-12-19,966.69,963.37,970.07,962.16,1263937664
2014-12-22,969.853,965.94,969.92,965.75,440135872
2014-12-23,970.242,971.92,972.85,968.94,391781696
2014-12-24,970.765,971.04,973.84,970.76,183864288
2014-12-25,970.765,971.04,973.84,970.76,183864288
2014-12-26,975.233,972.73,977.16,972.73,250551200
2014-12-29,975.957,974.38,977.01,973.47,280140576
2014-12-30,970.056,974.22,975.1,969.36,261526448
2014-12-31,961.344,972.18,974.21,960.89,345678752
2015-01-01,961.344,972.18,974.21,960.89,345678752
2015-01-02,960.278,963.91,968.22,954.65,353061696
2015-01-05,943.781,957.39,957.39,942.02,482545792
2015-01-06,935.025,945.68,947.49,929.32,556174336
2015-01-07,946.883,938.75,947.9,938.75,441402336
2015-01-08,964.16,950.75,964.83,950.7,500629632
2015-01-09,956.659,965.43,965.44,953.12,412729248
2015-01-12,948.976,958.24,959.14,946.6,451604064
2015-01-13,948.054,953.88,963.88,941.03,514288768
2015-01-14,943.416,942.96,944.89,933.94,512477216
2015-01-15,933.52,945.81,948.8,933.1,485718528
2015-01-16,946.079,933.14,946.53,931.53,566673920
2015-01-19,946.079,933.14,946.53,931.53,566673920
2015-01-20,949.643,948.66,951.46,939.61,489101728
2015-01-21,953.866,947.18,957.16,944.58,442382112
2015-01-22,968.459,957.04,969.34,950.88,502624992
2015-01-23,966.215,967.97,970.54,964.77,437180832
2015-01-26,969.467,966.215,969.84,962.23,466000256
2015-01-27,955.915,969.47,969.47,950.78,458149920
2015-01-28,946.719,963.06,964.64,946.34,517659744
2015-01-29,956.83,946.69,958.35,941.7,507642816
2015-01-30,945.909,956.09,959.02,945.37,703878272
2015-02-02,955.866,947.95,955.98,936.67,538817728
2015-02-03,968.128,957.9,968.19,956.92,539941184
2015-02-04,965.524,964.82,971.31,963.07,534820448
2015-02-05,975.178,967.42,975.56,967.26,482595392
2015-02-06,971.65,975.39,978.66,968.93,490132576
2015-02-09,967.213,969.26,971.53,965.27,426897920
2015-02-10,978.989,970.64,980.01,968.99,430608640
2015-02-11,981.311,979.17,983.32,976.36,430040800
2015-02-12,990.132,983.96,990.132,983.79,466170528
2015-02-13,995.898,991.15,995.9,990.44,423493504
2015-02-16,995.898,991.15,995.9,990.44,423493504
2015-02-17,996.901,995.14,997.77,992.78,456965312
2015-02-18,999.17,995.83,999.2,994.49,398990272
2015-02-19,1000.941,998.64,1002.37,997,389423488
2015-02-20,1007.865,1000.15,1007.92,996.4,483732320
2015-02-23,1008.592,1007.54,1008.61,1005.36,429036192
2015-02-24,1009.898,1007.68,1010.89,1005.58,422154944
2015-02-25,1010.571,1009.1,1013.48,1008.59,398026688
2015-02-26,1010.898,1010.32,1011.62,1007.28,422355904
2015-02-27,1007.256,1010.69,1011.62,1006.91,471531168
2015-03-02,1015.337,1008.38,1015.48,1008.1,433493056
2015-03-03,1011.119,1013.31,1013.31,1006.08,410461920
2015-03-04,1006.622,1012.33,1012.33,1001.48,410904576
2015-03-05,1007.992,1007.85,1009.92,1005.08,407916000
2015-03-06,994.21,1006.39,1006.39,992.44,478419680
2015-03-09,998.033,995.24,999.89,994.43,399298240
2015-03-10,981.597,993.5,993.5,981.597,472009664
2015-03-11,978.814,982.66,984.09,978.55,460508608
2015-03-12,991.065,980.64,991.44,980.59,417846976
2015-03-13,984.921,989.75,991.44,979.64,437131840
2015-03-16,998.202,988.47,998.26,988.36,424865600
2015-03-17,996.68,996.19,998.77,992.06,409153120
2015-03-18,1007.702,994.75,1011.39,989.49,497113408
2015-03-19,1006.121,1007.16,1008.8,1003.83,402003584
2015-03-20,1014.101,1010.31,1017.1,1010.31,1282045184
2015-03-23,1011.266,1013.9,1015.82,1011.266,406590880
2015-03-24,1007.189,1011.06,1014.85,1007.18,421512000
2015-03-25,989.953,1008.46,1009.85,989.95,494984800
2015-03-26,988.613,985.45,993.73,982.98,494096576
2015-03-27,992.04,988.39,993.17,987.77,429538944
2015-03-30,1003.422,996.63,1004.08,996.63,411243968
2015-03-31,994.469,1000.17,1003.01,994.32,526099488
2015-04-01,990.36,993.53,993.8,984.09,463162816
2015-04-02,993.681,990.72,996.06,989.68,414107136
2015-04-03,993.681,990.72,996.06,989.68,414107136
2015-04-06,1000.712,989.55,1003.83,988.65,569930560
2015-04-07,998.562,1001.12,1006.17,998.42,381584192
2015-04-08,1003.346,998.85,1004.76,998.15,420610880
2015-04-09,1007.594,1003.5,1008.16,999.67,385101824
2015-04-10,1011.046,1007.96,1011.47,1006.59,351285312
2015-04-13,1006.093,1011.68,1014.51,1005.93,373073632
2015-04-14,1006.111,1005.73,1007.36,1000.12,369892768
2015-04-15,1010.536,1008.03,1012.88,1007.93,444407008
2015-04-16,1010.416,1008.75,1013.13,1008.22,391783616
2015-04-17,997.557,1006.05,1006.05,993.71,523687136
2015-04-20,1008.616,1001.42,1009.9,1001.42,395002272
2015-04-21,1009.813,1011.92,1013.42,1008.54,396446688
2015-04-22,1015.068,1011.23,1016.19,1007.18,425631616
2015-04-23,1018.126,1013.26,1022.07,1012.81,460044352
2015-04-24,1021.26,1022.41,1022.81,1019.09,481337632
2015-04-27,1016.837,1023.79,1025.54,1015.8,501471616
2015-04-28,1015.829,1016.89,1018.94,1007.83,463244512
2015-04-29,1010.826,1012.31,1015.06,1005.73,460231200
2015-04-30,998.649,1007.38,1009.99,994.68,579724544
2015-05-01,1010.681,1002.01,1010.681,1001.99,442073376
2015-05-04,1012.219,1012.87,1017.27,1011.6,400826432
2015-05-05,999.515,1010.46,1012.35,998.93,441004064
2015-05-06,995.645,1001.63,1003.82,989.99,470879552
2015-05-07,1000.233,995,1002.17,993.47,455799104
2015-05-08,1013.209,1006.69,1014.6,1006.69,442083360
2015-05-11,1009.217,1012.8,1014.88,1009.09,396521952
2015-05-12,1006.16,1005.33,1009.57,998.81,392149504
2015-05-13,1005.824,1008.28,1012.49,1004.84,392839488
2015-05-14,1018.059,1010.73,1018.22,1009.49,407880480
2015-05-15,1019.104,1019.1,1019.92,1016.06,479216544
2015-05-18,1022.466,1018.09,1023.78,1017.31,380042080
2015-05-19,1020.973,1023.06,1023.9,1019.48,401315520
2015-05-20,1019.709,1021.48,1024.31,1017.51,395986592
2015-05-21,1022.989,1018.95,1024.5,1018.62,393233792
2015-05-22,1021.481,1021.95,1024.09,1021.09,362661728
2015-05-25,1021.481,1021.95,1024.09,1021.09,362661728
2015-05-26,1010.987,1019.91,1020.19,1008.44,451973312
2015-05-27,1020.89,1012.97,1022.04,1011.85,423139648
2015-05-28,1018.591,1019.2,1020.23,1015.51,371594240
2015-05-29,1011.002,1017.9,1018.27,1010.09,726155712
2015-06-01,1013.952,1014.14,1017.01,1008.26,412689184
2015-06-02,1013.257,1011.49,1017.68,1007.77,380403328
2015-06-03,1016.029,1016.13,1019.47,1013.7,370596384
2015-06-04,1007.298,1012.37,1015.57,1005.94,420655456
2015-06-05,1005.733,1006.35,1008.32,1000.77,411031424
2015-06-08,998.108,1005.19,1005.27,997.55,395444160
2015-06-09,997.371,997.21,999.77,992.37,396745664
2015-06-10,1009.07,999.69,1010.83,999.69,402929664
2015-06-11,1010.952,1010.79,1013.89,1009.9,428413792
2015-06-12,1004.335,1007.99,1007.99,1003.04,366199360
2015-06-15,999.386,998.66,1000.34,993.26,408115168
2015-06-16,1004.767,999.08,1005.49,998.86,343166976
2015-06-17,1007.366,1006.54,1010.06,1001.44,388394720
2015-06-18,1018.424,1010.07,1020.99,1010.07,441593664
2015-06-19,1014.284,1018.82,1018.82,1014.08,1030376192
2015-06-22,1021.115,1018.84,1023.87,1018.84,388591136
2015-06-23,1021.686,1022.57,1022.97,1019.45,366002752
2015-06-24,1013.806,1020.37,1022.38,1013.806,407560768
2015-06-25,1011.489,1016.02,1017.25,1010.57,402550560
2015-06-26,1009.708,1012.99,1014.73,1006.85,951649088
2015-06-29,987.515,1002.49,1005.11,987.19,430459392
2015-06-30,991.777,993.28,997.14,988.63,527600800
2015-07-01,999.648,998.47,1001.66,995.4,396981728
2015-07-02,998.994,1001.54,1002.89,995.66,355230368
2015-07-03,998.994,1001.54,1002.89,995.66,355230368
2015-07-06,997.022,993.5,1002.11,991.22,521844032
2015-07-07,1002.818,998.51,1003.54,985.09,447628672
2015-07-08,985.714,997.43,997.43,985.71,301591168
2015-07-09,987.821,993.07,998.75,987.42,400086848
2015-07-10,1002.09,995.28,1004.19,995.28,361360608
2015-07-13,1014.612,1007.69,1015.07,1007.69,365395456
2015-07-14,1019.381,1015.55,1021.23,1012.97,371563200
2015-07-15,1018.542,1020.82,1022.48,1016.55,382554528
2015-07-16,1027.646,1023.74,1027.65,1022.87,379676000
2015-07-17,1033.151,1031.78,1033.33,1029.1,427406432
2015-07-20,1037.133,1035.03,1039.55,1033.62,362454080
2015-07-21,1031.967,1037,1037.04,1030.24,407569440
2015-07-22,1028.008,1024.81,1030.41,1024.74,443682496
2015-07-23,1022.126,1029.25,1030.61,1020.47,434319776
2015-07-24,1011.985,1024.25,1025.32,1010.9,449801152
2015-07-27,1004.537,1008.06,1009.39,1003.38,457849632
2015-07-28,1017.27,1008.42,1018.19,1005.32,476457696
2015-07-29,1023.164,1018.28,1023.96,1016.96,450730784
2015-07-30,1023.952,1020.64,1025.05,1014.99,405242688
2015-07-31,1024.55,1027.25,1029.23,1023.8,471039392
2015-08-03,1022.764,1025.74,1026.55,1016.65,416288608
2015-08-04,1021.433,1022.14,1025.36,1019.09,422893440
2015-08-05,1025.747,1023.62,1031.41,1023.62,460081120
2015-08-06,1012.343,1026.46,1027.37,1008.4,509155040
2015-08-07,1010.342,1011.03,1011.39,1003.62,417518816
2015-08-10,1021.663,1016.13,1023.17,1016.13,408983424
2015-08-11,1011.78,1017.71,1018.46,1008.32,433746752
2015-08-12,1012.013,1006.07,1013.66,994.79,459510848
2015-08-13,1011.979,1012.23,1017.45,1008.94,366768832
2015-08-14,1015.389,1011.07,1016.2,1009.58,337328768
2015-08-17,1023.331,1013.02,1023.48,1010.45,345316928
2015-08-18,1020.637,1022.35,1024.5,1019.51,340854944
2015-08-19,1014.269,1017.69,1022.16,1009.45,396143264
2015-08-20,990.36,1008.39,1008.52,990.36,487992256
2015-08-21,957.233,981.02,984.72,957.23,771279360
2015-08-24,921.513,908.61,951.61,901.1,978198080
2015-08-25,913.35,936.88,950.59,913.35,731701056
2015-08-26,950.02,925.92,951.19,918.57,724621696
2015-08-27,971.122,958.13,972.39,952.09,637239744
2015-08-28,971.917,968.5,974,965.22,502395680
2015-08-31,960.77,970.42,970.78,958.68,529118368
2015-09-01,934.067,955.11,957.95,929.49,624714368
2015-09-02,954.144,934.07,954.17,934.07,557841536
2015-09-03,953.586,956.29,965.02,950.68,454010848
2015-09-04,941.385,945.47,947.49,936.43,452003072
2015-09-07,941.385,945.47,947.49,936.43,452003072
2015-09-08,965.476,948.187,966.029,948.187,499407808
2015-09-09,952.964,968.902,974.244,950.984,479290784
2015-09-10,958.744,952.636,964.809,951.23,472904480
2015-09-11,965.094,958.368,965.094,953.209,407270208
2015-09-14,961.157,965.25,966.549,958.42,390321184
2015-09-15,972.675,962.443,974.97,959.954,371687328
2015-09-16,979.59,972.638,980.528,970.873,393388704
2015-09-17,980.079,979.45,994.026,977.548,490907488
2015-09-18,967.198,976.615,977.703,965.453,1432155392
2015-09-21,970.18,968.333,978.26,963.641,430202720
2015-09-22,957.667,966.328,966.328,950.337,474067264
2015-09-23,955.863,958.129,960.485,952.908,357152000
2015-09-24,951.015,954.302,954.302,939.507,490578912
2015-09-25,946.514,952.467,959.614,941.293,488266432
2015-09-28,919.241,944.79,944.79,917.398,564459072
2015-09-29,917.62,919.634,928.915,911.392,551400960
2015-09-30,935.693,921.02,935.885,921.02,634224384
2015-10-01,938.949,935.978,939.3,926.598,512510016
2015-10-02,952.702,934.977,952.702,923.988,539695872
2015-10-05,967.083,955.533,967.848,955.533,574946816
2015-10-06,959.368,965.64,967.508,954.423,495836128
2015-10-07,966.457,960.036,966.683,956.705,547726592
2015-10-08,972.993,965.95,974.598,960.088,452677696
2015-10-09,977.405,973.345,978.836,972.713,447156128
2015-10-12,979.486,978.523,980.792,975.825,345536800
2015-10-13,972.4,976.965,982.489,971.474,408153696
2015-10-14,966.937,972.843,976.485,965.124,452571552
2015-10-15,981.091,969.459,981.116,968.679,447830688
2015-10-16,985.157,981.552,985.251,979.06,479733728
2015-10-19,988.421,984.178,989.088,981.231,408707520
2015-10-20,985.121,987.447,990.372,982.567,407756384
2015-10-21,979.128,986.535,989.072,977.635,448990176
2015-10-22,994.692,981.037,995.777,981.037,584321472
2015-10-23,1007.795,1004.134,1010.391,1001.609,580822656
2015-10-26,1009.518,1007.795,1010.879,1004.942,440834016
2015-10-27,1008.371,1008.388,1010.12,1004.359,505791360
2015-10-28,1018.87,1008.377,1018.871,1005.314,520235392
2015-10-29,1019.387,1018.342,1020.847,1015.516,431325376
2015-10-30,1015.379,1019.364,1022.098,1015.364,550157696
2015-11-02,1025.89,1016.038,1026.782,1016.038,421654048
2015-11-03,1026.977,1025.247,1030.178,1021.611,421253504
2015-11-04,1024.479,1027.459,1030.567,1021.653,456651744
2015-11-05,1024.323,1024.513,1028.373,1018.666,446437568
2015-11-06,1023.472,1023.965,1024.307,1015.794,450407584
2015-11-09,1013.699,1022.646,1022.646,1007.831,452761600
2015-11-10,1014.219,1011.073,1014.695,1008.481,441817248
2015-11-11,1011.393,1014.688,1018.478,1011.097,387019392
2015-11-12,998.809,1010.669,1010.669,998.711,412458112
2015-11-13,985.138,998.37,998.37,984.819,474443392
2015-11-16,997.982,985.096,998.002,982.675,426234880
2015-11-17,998.509,998.244,1005.816,996.175,438492704
2015-11-18,1016.03,999.364,1016.796,999.364,477662112
2015-11-19,1015.168,1016.17,1018.311,1014.521,399745728
2015-11-20,1021.314,1017.365,1024.2,1017.365,479642592
2015-11-23,1021.055,1021.698,1026.031,1018.109,389890656
2015-11-24,1020.791,1018.848,1022.905,1011.792,432144768
2015-11-25,1022.481,1021.529,1024.169,1020.922,313088576
2015-11-26,1022.481,1021.529,1024.169,1020.922,313088576
2015-11-27,1023.39,1022.722,1024.954,1019.978,169892192
2015-11-30,1016.381,1024.353,1025.16,1016.379,585874432
2015-12-01,1026.637,1018.937,1026.866,1018.937,432190912
2015-12-02,1017.974,1026.393,1028.182,1016.792,425543776
2015-12-03,1002.822,1018.111,1020.928,998.281,519595936
2015-12-04,1024.338,1004.139,1025.245,1004.139,489390272
2015-12-07,1018.569,1024.023,1024.023,1013.992,442930112
2015-12-08,1016.042,1014.643,1019.084,1008.489,438722080
2015-12-09,1004.424,1015.092,1020.681,1000.099,500854432
2015-12-10,1007.512,1005.045,1013.989,1003.522,404785664
2015-12-11,987.331,1002.65,1002.65,985.697,489580992
2015-12-14,992.632,987.996,993.004,977.446,533790272
2015-12-15,998.947,993.07,1004.777,993.07,485395072
2015-12-16,1014.93,999.464,1016.665,999.258,460244384
2015-12-17,1000.488,1015.7,1016.85,1000.413,460051072
2015-12-18,983.502,999.345,999.345,983.387,1248595200
2015-12-21,991.105,986.414,991.936,983.73,418050624
2015-12-22,998.729,992.522,1000.583,990.788,401655264
2015-12-23,1007.971,1000.463,1008.379,1000.463,373210720
2015-12-24,1006.908,1007.416,1009.786,1006.237,175689904
2015-12-25,1006.908,1007.416,1009.786,1006.237,175689904
2015-12-28,1006.695,1005.193,1006.732,999.804,285067168
2015-12-29,1017.888,1008.63,1019.536,1008.63,273613152
2015-12-30,1010.669,1017.068,1017.068,1010.291,239638672
2015-12-31,1000.103,1008.291,1009.859,1000.032,358546720
2016-01-01,1000.103,1008.291,1009.859,1000.032,358546720
2016-01-04,983.105,994.318,994.318,972.426,586321472
2016-01-05,984.056,983.235,987.539,979.094,461732800
2016-01-06,973.242,980.569,980.569,967.397,580480448
2016-01-07,948.747,972.398,972.398,947.457,618020224
2016-01-08,939.632,950.825,957.551,938.051,560358848
2016-01-11,940.053,940.107,946.47,928.424,534631520
2016-01-12,948.922,942.607,953.092,937.048,510908928
2016-01-13,920.84,950.27,952.612,919.659,610350528
2016-01-14,935.265,922.088,941.806,911.779,637199488
2016-01-15,916.257,935.227,935.227,904.948,824454784
2016-01-18,916.257,935.227,935.227,904.948,824454784
2016-01-19,917.391,920.075,927.522,909.015,606017728
2016-01-20,911.851,913.708,919.969,884.99,741128512
2016-01-21,915.251,912.799,925.252,905.503,582275392
2016-01-22,935.635,922.894,936.22,922.894,538525696
2016-01-25,923.317,935.032,935.948,922.695,516336832
2016-01-26,933.079,923.317,934.853,922.509,476240896
2016-01-27,917.495,932.859,935.239,913.141,564281728
2016-01-28,921.998,922.572,927.188,911.991,591091008
2016-01-29,943.473,920.742,943.473,920.742,875689408
2016-02-01,946.303,940.552,949.696,935.978,521924000
2016-02-02,928.995,943.649,943.649,926.591,550856832
2016-02-03,931.018,932.294,935.438,914.308,606622208
2016-02-04,931.295,929.366,937.028,923.457,582887360
2016-02-05,907.069,930.006,930.006,903.661,623984192
2016-02-08,891.363,901.588,901.588,878.183,725898944
2016-02-09,892.307,886.375,900.759,881.683,611749120
2016-02-10,894.651,896.703,909.468,893.866,555182720
2016-02-11,886.829,891.943,891.943,877.154,652189568
2016-02-12,901.497,888.311,901.555,888.311,563023616
2016-02-15,901.497,888.311,901.555,888.311,563023616
2016-02-16,918.631,901.686,918.631,901.686,599856832
2016-02-17,935.609,921.542,936.958,921.542,577489024
2016-02-18,929.525,936.237,937.069,928.345,494718528
2016-02-19,931.307,927.965,931.783,922.186,600823040
2016-02-22,943.754,932.773,944.641,932.773,479879776
2016-02-23,933.807,941.662,943.029,933.374,453415040
2016-02-24,938.734,929.134,939.95,918.958,456522176
2016-02-25,949.366,939.915,949.413,936.603,425444608
2016-02-26,948.096,951.367,954.405,946.661,465683744
2016-02-29,941.272,947.525,953.774,941.163,604636992
2016-03-01,964.951,944.23,964.951,944.23,497947520
2016-03-02,965.199,964.011,965.271,958.656,455789088
2016-03-03,967.74,964.837,967.74,960.325,441690016
2016-03-04,969.758,969.002,974.413,964.14,506817088
2016-03-07,967.485,968.428,970.909,961.756,457367488
2016-03-08,958.932,964.918,966.548,957.769,482512896
2016-03-09,963.01,959.637,963.295,957.531,408293472
2016-03-10,962.513,964.32,971.296,952.648,441257728
2016-03-11,977.877,965.537,977.889,965.537,424208032
2016-03-14,978.093,976.96,980.313,974.688,377155648
2016-03-15,976.004,976.227,976.632,972.161,373654592
2016-03-16,982.607,974.898,984.965,973.761,408296192
2016-03-17,986.659,982.119,989.081,979.455,450253504
2016-03-18,990.898,987.913,992.252,986.711,1190600064
2016-03-21,992.913,990.071,993.955,988.922,383205120
2016-03-22,993.494,991.022,996.302,988.157,403788832
2016-03-23,987.186,992.938,992.938,986.247,383017856
2016-03-24,987.363,986.766,987.41,981.551,418644352
2016-03-25,987.363,986.766,987.41,981.551,418644352
2016-03-28,988.114,988.565,991.289,986.473,340555136
2016-03-29,1000.062,987.482,1000.518,985.634,454120608
2016-03-30,1004.211,1002.679,1008.508,1002.46,365814912
2016-03-31,1003.249,1004.195,1007.028,1002.113,468550336
2016-04-01,1011.33,1001.898,1012.135,996.081,507252800
2016-04-04,1008.932,1011.321,1012.313,1007.482,408570240
2016-04-05,999.944,1006.149,1006.149,998.693,512085088
2016-04-06,1012.197,1000.22,1012.463,1000.218,411706144
2016-04-07,999.518,1012.014,1012.014,995.717,458215008
2016-04-08,1000.392,1000.791,1007.091,997.401,396191520
2016-04-11,996.158,1001.766,1007.566,996.058,396158240
2016-04-12,1004.171,996.197,1005.749,993.925,392225984
2016-04-13,1014.121,1007.014,1014.671,1007.014,429903488
2016-04-14,1013.766,1014.27,1017.037,1012.292,383945952
2016-04-15,1014.218,1013.668,1014.625,1011.458,523867616
2016-04-18,1019.721,1012.844,1019.977,1011.654,383752576
2016-04-19,1018.107,1019.851,1021.076,1013.535,430061472
2016-04-20,1017.64,1018.459,1021.955,1014.761,434619680
2016-04-21,1014.16,1017.814,1019.404,1012.584,458932576
2016-04-22,1010.59,1009.768,1012.281,1004.32,721298624
2016-04-25,1009.826,1009.003,1009.847,1005.13,396114080
2016-04-26,1009.66,1010.651,1013.824,1007.091,419405952
2016-04-27,1007.223,1009.558,1009.558,1001.168,482799360
2016-04-28,997.797,1005.36,1010.919,995.928,494154112
2016-04-29,993.183,997.837,997.837,986.757,630752128
2016-05-02,1001.811,995.029,1002.69,994.045,437273184
2016-05-03,994.312,998.859,998.859,990.616,454006592
2016-05-04,989.294,993.117,993.117,986.795,469992352
2016-05-05,988.635,990.63,992.269,986.665,455535456
2016-05-06,992.373,986.73,992.391,983.106,442768992
2016-05-09,995.744,992.963,998.901,992.695,422907104
2016-05-10,1007.827,997.893,1008.071,997.893,413917760
2016-05-11,995.6,1007.508,1007.508,995.573,454387520
2016-05-12,994.297,996.878,999.498,988.863,463681312
2016-05-13,987.267,993.844,996.023,985.473,410372704
2016-05-16,997.507,987.258,1000.028,987.258,428975936
2016-05-17,986.577,996.85,997.759,983.611,545126208
2016-05-18,985.721,985.211,991.95,979.229,403906144
2016-05-19,980.738,985.722,985.722,974.493,435323520
2016-05-20,987.354,982.556,990.143,982.556,539525056
2016-05-23,985.482,987.571,989.859,985.114,399020160
2016-05-24,1000.388,988.399,1001.95,988.399,427758080
2016-05-25,1005.446,1002.239,1007.331,1002.239,403920640
2016-05-26,1006.253,1005.939,1007.663,1004.367,356726496
2016-05-27,1010.947,1006.372,1010.948,1006.372,415703296
2016-05-30,1010.947,1006.372,1010.948,1006.372,415703296
2016-05-31,1010.612,1011.389,1012.535,1006.702,720934400
2016-06-01,1012.044,1009.898,1012.804,1006.26,408716416
2016-06-02,1015.821,1011.521,1015.821,1007.122,507373376
2016-06-03,1013.16,1015.208,1015.208,1006.6,400980928
2016-06-06,1016.825,1013.901,1018.554,1012.963,390268288
2016-06-07,1016.931,1017.886,1020.33,1016.638,401227456
2016-06-08,1020.475,1017.64,1021.334,1016.881,381588480
2016-06-09,1019.026,1019.021,1019.928,1015.55,352974112
2016-06-10,1009.175,1016.037,1016.037,1006.422,418776576
2016-06-13,1000.507,1006.766,1009.673,1000.112,433917440
2016-06-14,999.773,999.423,1001.857,993.873,420181600
2016-06-15,998.535,1000.856,1004.947,997.687,414985536
2016-06-16,1001.147,996.091,1002.01,988.671,399923168
2016-06-17,994.992,1000.574,1000.574,991.687,967158528
2016-06-20,1001.289,999.294,1009.514,999.294,434895776
2016-06-21,1002.233,1001.806,1004.261,1000.378,400862400
2016-06-22,1000.53,1002.455,1007.701,999.906,383956864
2016-06-23,1012.476,1003.465,1012.476,1003.465,415729376
2016-06-24,977.678,1005.256,1005.256,975.416,1194118400
2016-06-27,960.553,974.788,974.788,956.021,619906880
2016-06-28,977.826,963.511,977.827,963.511,488184864
2016-06-29,993.669,978.376,995.042,978.376,483603168
2016-06-30,1005.191,993.808,1005.199,993.177,598151232
2016-07-01,1008.858,1005.445,1012.343,1005.236,393628992
2016-07-04,1008.858,1005.445,1012.343,1005.236,393628992
2016-07-05,1004.402,1006.576,1006.576,1000.272,450780480
2016-07-06,1010.262,1002.563,1010.773,999.056,503978880
2016-07-07,1011.713,1010.598,1014.673,1007.773,383344096
2016-07-08,1026.908,1013.912,1027.789,1013.912,432237632
2016-07-11,1030.641,1028.17,1033.91,1028.17,374910176
2016-07-12,1035.929,1032.514,1037.487,1032.514,421516064
2016-07-13,1034.589,1036.499,1038.13,1033.252,365355200
2016-07-14,1039.535,1036.21,1041.795,1036.21,358088896
2016-07-15,1038.294,1040.346,1041.775,1036.418,445530976
2016-07-18,1041.354,1038.572,1042.598,1038.355,333209280
2016-07-19,1039.992,1040.071,1040.737,1037.756,376971680
2016-07-20,1047.3,1041.261,1048.797,1041.261,354843040
2016-07-21,1043.546,1047.091,1048.372,1040.601,408488832
2016-07-22,1048.111,1044.071,1048.487,1041.63,395245536
2016-07-25,1046.428,1047.788,1047.788,1043.252,374059680
2016-07-26,1045.945,1046.284,1048.948,1041.917,429868416
2016-07-27,1046.96,1049.811,1050.311,1043.572,489153984
2016-07-28,1050.367,1048.173,1051.589,1045.019,421301120
2016-07-29,1051.861,1051.063,1054.21,1047.896,521434208
2016-08-01,1054.518,1052.047,1057.578,1050.61,389313792
2016-08-02,1047.397,1054.047,1054.085,1042.997,446468064
2016-08-03,1049.775,1046.981,1049.775,1045.131,411992064
2016-08-04,1050.703,1049.627,1052.221,1047.349,385851936
2016-08-05,1056.674,1052.979,1057.25,1052.281,409247488
2016-08-08,1053.993,1056.671,1056.98,1052.245,368128384
2016-08-09,1055.604,1054.22,1058.497,1053.993,327047872
2016-08-10,1054.184,1055.691,1056.302,1052.224,333442048
2016-08-11,1058.666,1055.963,1060.064,1055.211,343218720
2016-08-12,1057.709,1057.378,1058.533,1055.343,312379680
2016-08-15,1060.672,1058.111,1062.545,1058.111,331568512
2016-08-16,1053.018,1058.65,1058.65,1052.951,339271616
2016-08-17,1053.64,1053.16,1054.015,1047.528,342435808
2016-08-18,1054.532,1053.62,1055.534,1052.362,333745824
2016-08-19,1054.543,1053.884,1054.927,1050.146,424100800
2016-08-22,1055.506,1054.106,1056.66,1052.131,333229216
2016-08-23,1057.89,1057.928,1060.831,1057.676,349176416
2016-08-24,1050.979,1057.376,1057.695,1048.794,350392256
2016-08-25,1048.699,1050.159,1052.473,1047.037,319280640
2016-08-26,1047.486,1049.297,1055.518,1042.991,345015808
2016-08-29,1050.831,1047.86,1052.566,1047.86,298060800
2016-08-30,1046.895,1050.516,1050.917,1044.218,321905568
2016-08-31,1044.577,1045.982,1045.982,1040.884,447513984
2016-09-01,1046.174,1044.622,1046.653,1039.829,363619616
2016-09-02,1050.464,1047.811,1052.67,1047.032,369059232
2016-09-05,1050.464,1047.811,1052.67,1047.032,369059232
2016-09-06,1053.669,1051.023,1053.688,1048.316,419468384
2016-09-07,1053.906,1053.04,1054.449,1049.991,417967712
2016-09-08,1048.345,1052.441,1052.441,1046.33,392179328
2016-09-09,1022.333,1044.502,1044.502,1022.333,510399776
2016-09-12,1037.273,1020.67,1039.03,1017.911,460003520
2016-09-13,1024.599,1036.555,1036.555,1021.038,444366496
2016-09-14,1026.315,1025.266,1032.051,1023.47,416885440
2016-09-15,1037.5,1026.64,1039.139,1025.055,404929440
2016-09-16,1034.74,1037.46,1037.46,1031.106,1081728768
2016-09-19,1033.988,1036.141,1041.219,1031.969,367735904
2016-09-20,1035.351,1035.609,1039.881,1034.47,348389024
2016-09-21,1045.814,1036.677,1046.791,1033.78,404818464
2016-09-22,1053.618,1048.455,1054.701,1048.455,374652224
2016-09-23,1047.946,1052.793,1052.793,1047.673,382768448
2016-09-26,1039.935,1045.641,1045.641,1039.46,361290144
2016-09-27,1048.006,1039.827,1048.08,1038.698,401108928
2016-09-28,1049.874,1047.934,1050.32,1044.042,380596608
2016-09-29,1040.339,1049.296,1050.837,1038.228,435444128
2016-09-30,1047.333,1041.576,1050.411,1041.576,562624320
2016-10-03,1044.589,1046.242,1046.242,1041.355,368770176
2016-10-04,1040.036,1045.255,1047.427,1036.955,377073472
2016-10-05,1041.93,1041.113,1044.298,1041.113,446149920
2016-10-06,1042.237,1041.489,1043.957,1037.87,367393888
2016-10-07,1037.646,1042.5,1044.149,1033.401,454024160
2016-10-10,1042.194,1040.07,1044.908,1040.07,333951040
2016-10-11,1029.088,1042.432,1042.432,1025.571,413402976
2016-10-12,1030.985,1029.289,1034.131,1027.672,337496640
2016-10-13,1028.139,1028.386,1030.908,1019.577,410829280
2016-10-14,1028.216,1029.628,1035.576,1028.216,385558848
2016-10-17,1024.777,1028.093,1028.602,1024.167,338479328
2016-10-18,1032.044,1028.924,1035.302,1028.924,332263232
2016-10-19,1033.792,1032.236,1035.239,1031.202,378023552
2016-10-20,1032.112,1033.33,1034.748,1028.528,417439488
2016-10-21,1035.389,1030.876,1035.854,1029.075,489417568
2016-10-24,1042.9,1038.021,1043.389,1038.021,396357888
2016-10-25,1036.084,1042.245,1042.245,1035.607,399118848
2016-10-26,1031.198,1035.355,1035.355,1028.75,427759584
2016-10-27,1026.434,1032.49,1035.208,1025.653,463837408
2016-10-28,1022.493,1026.837,1029.525,1020.126,470067392
2016-10-31,1021.936,1023.136,1024.922,1021.418,474848608
2016-11-01,1014.302,1022.405,1023.658,1007.784,504936928
2016-11-02,1008.027,1013.587,1015.944,1006.916,472827584
2016-11-03,1001.117,1008.949,1009.625,999.804,451747008
2016-11-04,1000.605,999.114,1007.663,999.114,474032032
2016-11-07,1023.336,1005.562,1023.489,1005.562,466541632
2016-11-08,1027.762,1023.171,1031.414,1019.806,439742464
2016-11-09,1035.267,1027.186,1037.309,1017.645,677137344
2016-11-10,1030.193,1037.186,1042.199,1021.766,697232576
2016-11-11,1030.372,1028.66,1031.257,1025.097,512301952
2016-11-14,1025.467,1030.624,1032.156,1022.202,529238048
2016-11-15,1032.784,1025.988,1033.823,1025.988,478608448
2016-11-16,1035.714,1032.1,1036.095,1029.939,408049824
2016-11-17,1043.132,1036.062,1043.261,1035.911,379893568
2016-11-18,1039.524,1043.2,1045.392,1038.873,467641120
2016-11-21,1047.808,1040.146,1048.024,1040.146,414408096
2016-11-22,1050.718,1047.835,1051.617,1046.89,434349504
2016-11-23,1049.976,1050.714,1050.714,1045.595,389339264
2016-11-24,1049.976,1050.714,1050.714,1045.595,389339264
2016-11-25,1054.006,1050.062,1054.006,1050.062,182990688
2016-11-28,1049.064,1052.929,1054.006,1048.577,399996960
2016-11-29,1052.229,1049.153,1055.103,1048.697,420209760
2016-11-30,1041.811,1052.19,1053.667,1041.809,743230144
2016-12-01,1032.157,1041.692,1041.692,1030.078,540988928
2016-12-02,1033.422,1032,1036.306,1030.906,434436320
2016-12-05,1040.394,1035.28,1042.491,1035.28,441634464
2016-12-06,1043.453,1040.609,1043.617,1039.396,403436128
2016-12-07,1056.074,1043.238,1056.625,1039.517,496252032
2016-12-08,1057.551,1056.334,1059.842,1054.18,452112224
2016-12-09,1064.193,1059.456,1064.266,1059.456,397475072
2016-12-12,1060.592,1063.272,1063.272,1057.612,441565504
2016-12-13,1068.609,1060.903,1071.891,1060.903,437177024
2016-12-14,1062.638,1068.629,1071.003,1060.669,468040288
2016-12-15,1065.523,1062.75,1070.408,1062.75,433732384
2016-12-16,1063.688,1066.858,1068.906,1061.979,1041005184
2016-12-19,1066.55,1064.157,1070.771,1064.157,369359488
2016-12-20,1069.892,1066.572,1070.485,1066.572,364755168
2016-12-21,1067.449,1069.865,1070.148,1067.055,323996960
2016-12-22,1063.716,1067.112,1067.112,1061.285,341827552
2016-12-23,1065.573,1063.397,1065.574,1063.193,221667344
2016-12-26,1065.573,1063.397,1065.574,1063.193,221667344
2016-12-27,1068.848,1066.059,1072.738,1066.059,227721776
2016-12-28,1060.609,1069.279,1070.429,1060.156,285629536
2016-12-29,1060.808,1060.376,1063.232,1058.746,254155616
2016-12-30,1053.549,1061.642,1062.739,1051.332,388060160
2017-01-02,1053.549,1061.642,1062.739,1051.332,388060160
2017-01-03,1062.442,1055.752,1065.295,1055.752,441864032
2017-01-04,1070.757,1062.966,1071.734,1062.966,444895328
2017-01-05,1072.34,1070.541,1072.762,1068.482,425165600
2017-01-06,1078.751,1072.706,1081.14,1070.835,357188416
2017-01-09,1078.379,1078.626,1080.107,1077.094,386682112
2017-01-10,1079.226,1078.27,1082.912,1076.893,431584064
2017-01-11,1080.383,1078.907,1081.237,1073.778,429241152
2017-01-12,1079.142,1079.399,1079.793,1070.876,338614432
2017-01-13,1082.058,1079.584,1083.276,1079.584,328833696
2017-01-16,1082.058,1079.584,1083.276,1079.584,328833696
2017-01-17,1080.571,1081.607,1081.636,1077.343,383645056
2017-01-18,1082.868,1080.987,1082.906,1079.456,350869536
2017-01-19,1079.474,1082.809,1084.626,1077.115,357366464
2017-01-20,1081.407,1080.992,1084.165,1078.35,500175360
2017-01-23,1081.618,1080.954,1082.929,1076.421,390249408
2017-01-24,1088.251,1081.934,1089.599,1081.211,391754272
2017-01-25,1096.144,1090.617,1096.57,1090.617,427595936
2017-01-26,1094.974,1096.711,1098.012,1094.365,434951968
2017-01-27,1095.605,1095.862,1097.407,1093.475,394715008
2017-01-30,1089.744,1093.626,1093.626,1083.097,428598336
2017-01-31,1088.313,1088.487,1088.487,1082.861,525644960
2017-02-01,1091.119,1091.237,1093.963,1086.89,474379072
2017-02-02,1090.875,1090.836,1093.179,1087.267,442976768
2017-02-03,1097.057,1091.754,1097.413,1091.754,412836192
2017-02-06,1095.955,1096.449,1096.609,1093.641,381894272
2017-02-07,1098.637,1096.38,1100.862,1096.38,403882528
2017-02-08,1101.028,1098.141,1101.763,1096.297,408730016
2017-02-09,1106.859,1101.149,1108.338,1101.149,431293216
2017-02-10,1110.262,1107.885,1111.636,1107.885,412388352
2017-02-13,1115.006,1111.462,1116.45,1111.462,377400128
2017-02-14,1118.714,1114.515,1118.792,1112.46,393516448
2017-02-15,1124.607,1118.505,1125.5,1117.222,406080256
2017-02-16,1123.745,1124.921,1125.719,1119.847,410443552
2017-02-17,1126.519,1123.128,1126.519,1120.836,479103648
2017-02-20,1126.519,1123.128,1126.519,1120.836,479103648
2017-02-21,1132.4,1126.575,1132.993,1126.575,434549888
2017-02-22,1132.421,1131.639,1133.104,1129.701,386885088
2017-02-23,1130.601,1133.334,1134.265,1126.899,439629984
2017-02-24,1134.445,1129.226,1134.445,1126.098,468721152
2017-02-27,1135.765,1134.011,1136.175,1131.173,391002752
2017-02-28,1131.525,1135.74,1135.74,1130.232,593469824
2017-03-01,1145.401,1135.106,1147.057,1135.106,487645568
2017-03-02,1139.896,1145.143,1145.143,1139.043,390038080
2017-03-03,1140.994,1139.321,1141.101,1135.886,363279744
2017-03-06,1137.302,1139.046,1139.046,1134.115,376754240
2017-03-07,1134.449,1136.187,1138.1,1133.026,385133280
2017-03-08,1135.407,1133.927,1138.749,1133.927,392359424
2017-03-09,1135.508,1135.565,1137.529,1130.705,365824512
2017-03-10,1139.813,1137.387,1141.535,1135.604,416786880
2017-03-13,1141.292,1139.726,1141.813,1138.505,362544544
2017-03-14,1137.819,1140.33,1140.33,1135.235,334983872
2017-03-15,1146.897,1138.88,1149.204,1138.88,405451840
2017-03-16,1145.244,1147,1147.778,1142.75,374430240
2017-03-17,1145.399,1145.455,1148.128,1144.252,1118344064
2017-03-20,1144.446,1145.62,1147.275,1142.128,339276448
2017-03-21,1130.801,1145.635,1148.95,1130.008,447809536
2017-03-22,1134.922,1131.281,1135.712,1127.971,381654400
2017-03-23,1132.944,1134.646,1138.117,1131.549,359286176
2017-03-24,1132.873,1134.513,1138.195,1129.258,376460288
2017-03-27,1133.42,1130.576,1134.983,1123.573,375076640
2017-03-28,1140.289,1133.226,1142.746,1131.342,368834048
2017-03-29,1142.883,1140.282,1143.741,1138.391,329776512
2017-03-30,1144.205,1142.591,1145.667,1141.232,332100160
2017-03-31,1143.192,1143.528,1146.329,1142.111,449033632
2017-04-03,1141.253,1143.739,1145.707,1135.848,487363264
2017-04-04,1140.821,1140.799,1141.429,1137.869,399522240
2017-04-05,1137.374,1141.44,1149.464,1136.227,453698496
2017-04-06,1139.489,1137.927,1142.081,1136.45,388324448
2017-04-07,1139.353,1139.367,1142.199,1136.493,346081664
2017-04-10,1140.315,1139.355,1144.474,1137.693,318990368
2017-04-11,1138.828,1139.582,1140.344,1131.333,368478112
2017-04-12,1134.593,1138.716,1138.716,1133.246,361541856
2017-04-13,1129.38,1133.953,1137.208,1129.38,332482464
2017-04-14,1129.38,1133.953,1137.208,1129.38,332482464
2017-04-17,1139.068,1130.91,1139.069,1130.91,324031232
2017-04-18,1137.231,1137.87,1139.672,1133.728,346567712
2017-04-19,1137.967,1138.704,1143.12,1136.605,371117824
2017-04-20,1146.902,1139.57,1149.277,1139.57,384068320
2017-04-21,1145.389,1147.087,1147.518,1143.167,446113376
2017-04-24,1157.222,1148.879,1158.199,1148.879,430935072
2017-04-25,1164.017,1158.277,1165.947,1158.277,426428000
2017-04-26,1164.185,1164.594,1167.633,1163.873,422788096
2017-04-27,1168.391,1164.756,1169.546,1164.756,417522560
2017-04-28,1168.4,1171.056,1171.811,1166.894,498175360
2017-05-01,1172.377,1169.663,1174.996,1169.663,374406464
2017-05-02,1175.063,1173.333,1175.362,1172.093,441397152
2017-05-03,1171.152,1173.022,1173.022,1167.897,451814464
2017-05-04,1173.852,1171.474,1174.085,1169.202,435857376
2017-05-05,1178.557,1174.783,1178.557,1173.129,374985024
2017-05-08,1178.525,1178.439,1179.407,1175.333,409622624
2017-05-09,1180.33,1178.773,1181.824,1178.266,388251680
2017-05-10,1180.618,1180.485,1180.675,1176.769,393497888
2017-05-11,1178.309,1179.361,1179.361,1171.406,393416544
2017-05-12,1178.138,1178.25,1178.895,1176.664,352917696
2017-05-15,1182.557,1178.221,1183.047,1178.171,407155616
2017-05-16,1182.442,1183.417,1183.866,1179.57,389266656
2017-05-17,1160.239,1180.347,1180.347,1159.881,485684864
2017-05-18,1166.838,1160.802,1170.98,1159.329,429253984
2017-05-19,1173.545,1167.217,1176.973,1167.217,507236096
2017-05-22,1181.235,1174.68,1181.786,1174.68,364918048
2017-05-23,1181.202,1181.836,1183.469,1180.471,352972032
2017-05-24,1186.397,1182.212,1186.94,1181.486,349360160
2017-05-25,1195.133,1187.717,1197.129,1187.717,358577152
2017-05-26,1195.92,1195.473,1196.425,1194.034,308861664
2017-05-29,1195.92,1195.473,1196.425,1194.034,308861664
2017-05-30,1195.868,1195.534,1196.6,1194.057,362639776
2017-05-31,1196.58,1196.587,1198.545,1191.484,752953472
2017-06-01,1205.44,1197.779,1205.44,1197.737,415422848
2017-06-02,1214.412,1206.619,1214.904,1206.619,417342400
2017-06-05,1212.619,1213.962,1213.983,1211.871,334908288
2017-06-06,1207.975,1211.708,1212.445,1207.137,393422912
2017-06-07,1211.075,1209.314,1212.075,1206.571,390138912
2017-06-08,1210.134,1211.245,1212.175,1206.282,415530848
2017-06-09,1198.601,1210.801,1213.685,1189.128,531957280
2017-06-12,1194.43,1194.7,1194.7,1185.35,526477888
2017-06-13,1202.411,1197.265,1203.224,1196.182,398577984
2017-06-14,1202.138,1204.392,1207.158,1196.051,401770752
2017-06-15,1198.533,1200.022,1200.022,1189.043,402330368
2017-06-16,1196.794,1197.59,1198.092,1191.777,1051313792
2017-06-19,1210.016,1198.654,1210.418,1198.654,406327104
2017-06-20,1201.992,1208.99,1209.414,1201.73,387739008
2017-06-21,1206.497,1203.373,1207.24,1203.163,395331616
2017-06-22,1206.694,1206.938,1210.731,1204.615,400411680
2017-06-23,1210.151,1206.452,1211.237,1203.931,931916096
2017-06-26,1207.559,1212.822,1216.28,1206.313,376056512
2017-06-27,1193.071,1206.313,1206.313,1193.071,408826336
2017-06-28,1205.704,1195.268,1206.552,1193.993,374635104
2017-06-29,1189.704,1204.588,1204.588,1181.357,442463936
2017-06-30,1192.066,1192.244,1196.733,1190.496,469955712
2017-07-03,1188.526,1195.969,1198.192,1188.451,241539072
2017-07-04,1188.526,1195.969,1198.192,1188.451,241539072
2017-07-05,1193.873,1189.191,1195.473,1186.969,428331296
2017-07-06,1183.38,1191.924,1191.924,1182.062,446641568
2017-07-07,1194.681,1185.472,1196.363,1185.472,344729312
2017-07-10,1198.189,1195.184,1200.645,1192.848,372539680
2017-07-11,1198.905,1197.951,1200.794,1191.963,359403264
2017-07-12,1210.379,1203.485,1211.854,1203.485,369831296
2017-07-13,1212.089,1211.163,1213.799,1209.193,358615328
2017-07-14,1219.41,1212.919,1221.161,1212.919,306040288
2017-07-17,1219.338,1220.037,1221.354,1218.596,325769984
2017-07-18,1222.742,1218.556,1222.823,1215.635,319728320
2017-07-19,1229.816,1223.732,1229.834,1223.732,349758272
2017-07-20,1229.81,1230.411,1232.393,1225.882,366136512
2017-07-21,1230.558,1227.933,1230.562,1225.741,408451584
2017-07-24,1231.511,1230.596,1233.184,1228.056,447109280
2017-07-25,1231.784,1231.795,1233.945,1230.396,490113024
2017-07-26,1234.527,1232.278,1235.674,1232.278,393210208
2017-07-27,1229.524,1237.958,1240.012,1219.533,526596608
2017-07-28,1227.077,1228.629,1228.629,1222.934,381185280
2017-07-31,1222.929,1227.493,1230.259,1221.923,474621024
2017-08-01,1225.691,1224.823,1227.708,1223.789,384896128
2017-08-02,1227.677,1225.711,1230.697,1220.223,408292960
2017-08-03,1225.387,1227.74,1227.998,1223.521,382714816
2017-08-04,1227.937,1226.281,1229.38,1224.391,338845056
2017-08-07,1232.623,1228.856,1232.725,1228.57,318897792
2017-08-08,1229.374,1231.651,1237.126,1226.866,339490720
2017-08-09,1228.768,1226.401,1228.953,1222.038,344482752
2017-08-10,1208.038,1226.015,1226.015,1207.799,393032224
2017-08-11,1214.024,1208.47,1216.906,1208.47,318962976
2017-08-14,1228.525,1218.33,1229.742,1218.33,338831264
2017-08-15,1228.016,1229.589,1230.071,1225.888,320324256
2017-08-16,1231.634,1229.283,1235.323,1229.283,325556288
2017-08-17,1211.789,1230.936,1230.936,1211.789,352907456
2017-08-18,1209.775,1211.616,1216.58,1206.259,422398272
2017-08-21,1211.063,1209.808,1211.919,1204.284,332692992
2017-08-22,1226.212,1213.135,1227.337,1213.135,306543136
2017-08-23,1220.659,1224.441,1224.441,1218.857,301797472
2017-08-24,1218.35,1221.896,1224.872,1215.024,328756672
2017-08-25,1218.724,1219.33,1225.503,1217.929,308685696
2017-08-28,1221.38,1220.12,1222.61,1219.106,325361728
2017-08-29,1224.25,1217.771,1225.855,1213.409,288300608
2017-08-30,1233.581,1224.382,1234.693,1224.115,305141824
2017-08-31,1243.069,1234.904,1244.466,1234.904,454542656
2017-09-01,1244.074,1244.197,1246.652,1242.142,288282528
2017-09-04,1244.074,1244.197,1246.652,1242.142,288282528
2017-09-05,1236.209,1242.541,1242.914,1229.335,372180032
2017-09-06,1238.582,1237.217,1240.849,1233.305,359578368
2017-09-07,1242.424,1239.436,1243.345,1238.213,370385728
2017-09-08,1238.959,1241.853,1242.596,1238.137,360874080
2017-09-11,1251.222,1242.409,1251.266,1242.409,382488192
2017-09-12,1253.353,1252.39,1254.764,1249.762,346883008
2017-09-13,1252.923,1252.933,1252.933,1250.273,363201088
2017-09-14,1249.682,1251.736,1251.738,1247.074,401929952
2017-09-15,1252.392,1249.733,1254.151,1248.965,1049019648
2017-09-18,1253.072,1253.249,1256.767,1250.57,391831808
2017-09-19,1254.053,1253.128,1255.698,1252.095,378836448
2017-09-20,1254.224,1254.087,1255.161,1246.705,393389152
2017-09-21,1248.926,1253.254,1253.254,1247.066,334552416
2017-09-22,1249.73,1246.417,1250.294,1246.254,327830272
2017-09-25,1240.662,1249.276,1249.276,1236.765,413030752
2017-09-26,1241.786,1242.59,1246.835,1239.975,342976512
2017-09-27,1249.442,1241.919,1252.324,1241.919,382124608
2017-09-28,1251.558,1248.582,1251.935,1246.516,339236544
2017-09-29,1258.093,1252.081,1258.159,1251.637,397564960
2017-10-02,1260.856,1258.791,1262.728,1256.405,347133472
2017-10-03,1263.657,1261.078,1263.914,1260.996,310105376
2017-10-04,1265.872,1263.415,1266.708,1261.46,330533280
2017-10-05,1274.256,1265.97,1274.287,1265.97,326697376
2017-10-06,1275.224,1274.18,1275.224,1270.717,325368704
2017-10-09,1274.227,1275.224,1277.364,1272.955,297037760
2017-10-10,1275.173,1275.764,1278.419,1271.758,314021056
2017-10-11,1279.617,1275.051,1279.617,1274.638,345531488
2017-10-12,1280.423,1279.567,1282.862,1277.856,362486880
2017-10-13,1282.641,1281.206,1284.721,1281.206,329529024
2017-10-16,1285.137,1282.593,1285.815,1281.934,310330560
2017-10-17,1286.635,1285.108,1286.927,1284.592,308908416
2017-10-18,1287.396,1286.69,1289.531,1286.197,298177152
2017-10-19,1286.709,1285.046,1286.784,1277.857,331197504
2017-10-20,1292.787,1287.238,1293.822,1287.238,434652384
2017-10-23,1286.115,1294.31,1295.001,1285.549,375648736
2017-10-24,1288.448,1286.405,1289.941,1285.706,365377088
2017-10-25,1283.034,1288.486,1288.758,1275.799,439254048
2017-10-26,1284.79,1282.587,1287.709,1282.587,446118656
2017-10-27,1304.71,1285.775,1305.781,1285.775,502315840
2017-10-30,1303.038,1304.206,1306.517,1299.425,426802976
2017-10-31,1305.965,1303.985,1307.958,1303.799,458982752
2017-11-01,1305.4,1307.242,1311.279,1302.276,401541344
2017-11-02,1305.734,1305.166,1306.538,1299.809,426480256
2017-11-03,1313.203,1308.937,1313.398,1305.621,399494688
2017-11-06,1315.381,1313.374,1316.555,1312.084,426075808
2017-11-07,1316.095,1314.839,1317.725,1312.332,400057184
2017-11-08,1320.353,1316.026,1320.915,1314.34,366519680
2017-11-09,1313.521,1319.822,1319.822,1303.328,379358272
2017-11-10,1313.919,1312.688,1314.649,1309.296,382153152
2017-11-13,1315.445,1311.737,1316.707,1309.792,384697632
2017-11-14,1313.812,1315.148,1315.148,1307.007,396270272
2017-11-15,1304.726,1311.49,1311.49,1302.163,363176928
2017-11-16,1318.127,1306.291,1320.121,1306.291,355363840
2017-11-17,1314.274,1318.201,1318.201,1313.437,420518432
2017-11-20,1316.841,1314.868,1318.265,1314.868,346201376
2017-11-21,1329.102,1317.379,1329.5,1317.379,375031488
2017-11-22,1327.84,1329.526,1330.462,1326.593,302655840
2017-11-23,1327.84,1329.526,1330.462,1326.593,302655840
2017-11-24,1332.686,1328.512,1333.172,1328.512,153456816
2017-11-27,1333.24,1332.494,1335.542,1331.135,359089472
2017-11-28,1341.195,1333.975,1341.501,1332.839,381292608
2017-11-29,1329.837,1341.027,1341.027,1324.159,496870528
2017-11-30,1343.018,1331.419,1345.905,1331.419,748091008
2017-12-01,1337.32,1341.02,1342.15,1318.938,462028416
2017-12-04,1327.922,1339.797,1346.683,1327.596,525870784
2017-12-05,1326.424,1328.207,1337.768,1325.22,460544832
2017-12-06,1328.92,1324.594,1331.009,1322.708,382865376
2017-12-07,1335.505,1329.27,1337.475,1328.699,379604640
2017-12-08,1342.201,1337.16,1344.277,1337.16,356954464
2017-12-11,1346.858,1342.761,1347.011,1342.36,350297056
2017-12-12,1346.168,1346.611,1350.207,1345.263,371317312
2017-12-13,1348.737,1346.708,1352.783,1346.708,389784448
2017-12-14,1344.68,1349.075,1352.806,1344.678,390102496
2017-12-15,1357.578,1347.529,1359.097,1347.218,1083356416
2017-12-18,1365.141,1359.476,1367.16,1359.476,433664256
2017-12-19,1361.003,1365.269,1365.811,1359.534,409233408
2017-12-20,1359.177,1362.163,1364.843,1356.773,361783712
2017-12-21,1358.697,1359.83,1363.409,1358.106,349056864
2017-12-22,1357.939,1358.438,1358.438,1355.524,287919232
2017-12-25,1357.939,1358.438,1358.438,1355.524,287919232
2017-12-26,1355.426,1356.824,1356.824,1352.16,230213696
2017-12-27,1357.733,1355.382,1359.41,1355.382,244952768
2017-12-28,1359.903,1358.36,1360.429,1357.548,222518384
2017-12-29,1352.37,1360.162,1361.658,1352.37,329722208
2018-01-01,1352.37,1360.162,1361.658,1352.37,329722208
2018-01-02,1366.545,1354.955,1366.581,1354.955,388583424
2018-01-03,1378.182,1367.07,1378.76,1367.07,396068000
2018-01-04,1383.668,1378.554,1386.562,1378.554,424579968
2018-01-05,1396.969,1384.978,1396.969,1384.978,378812000
2018-01-08,1400.318,1396.832,1401.047,1395.387,381641472
2018-01-09,1402.82,1400.329,1405.876,1398.974,369675904
2018-01-10,1399.637,1402.402,1402.402,1391.902,364444096
2018-01-11,1409.603,1399.637,1409.603,1399.637,369418272
2018-01-12,1419.049,1409.876,1419.856,1409.028,402669120
2018-01-15,1419.049,1409.876,1419.856,1409.028,402669120
2018-01-16,1413.062,1421.323,1431.501,1409.305,515971232
2018-01-17,1428.35,1415.923,1430.243,1415.408,430860224
2018-01-18,1427.842,1428.114,1431.28,1424.939,406960928
2018-01-19,1435.413,1429.252,1435.417,1429.135,511057152
2018-01-22,1446.489,1435.402,1446.499,1434.075,431136320
2018-01-23,1453.052,1446.955,1454.642,1446.955,404123264
2018-01-24,1448.917,1453.908,1459.407,1442.334,443852864
2018-01-25,1450.311,1450.214,1455.992,1445.723,382633792
2018-01-26,1468.501,1452.204,1468.501,1452.204,417675360
2018-01-29,1458.046,1467.813,1467.813,1456.664,405571840
2018-01-30,1444.317,1456.409,1456.409,1439.028,448032320
2018-01-31,1447.316,1444.473,1456.017,1441.629,565586944
2018-02-01,1442.532,1446.415,1452.714,1438.026,447801312
2018-02-02,1413.374,1438.153,1438.153,1412.891,502972608
2018-02-05,1358.822,1410.153,1419.005,1356.259,671753920
2018-02-06,1386.902,1356.848,1389.828,1333.871,734517888
2018-02-07,1377.448,1386.902,1401.463,1377.439,537211776
2018-02-08,1322.416,1378.728,1379.882,1322.346,625971008
2018-02-09,1344.077,1324.737,1353.124,1296.396,699655552
2018-02-12,1364.374,1345.717,1372.791,1345.717,537228032
2018-02-13,1369.088,1363.952,1371.92,1355.786,404739040
2018-02-14,1389.179,1365.566,1390.876,1362.271,470604512
2018-02-15,1408.878,1392.776,1409.013,1385.191,430478688
2018-02-16,1407.375,1408.041,1419.081,1404.784,475108000
2018-02-19,1407.375,1408.041,1419.081,1404.784,475108000
2018-02-20,1403.432,1406.692,1415.222,1398.502,431357472
2018-02-21,1397.851,1403.432,1421.888,1397.843,439538336
2018-02-22,1400.457,1399.306,1412.297,1397.352,407962112
2018-02-23,1422.783,1401.463,1422.937,1401.463,361922048
2018-02-26,1438.582,1425.283,1438.904,1425.283,403057440
2018-02-27,1419.804,1438.36,1441.172,1419.787,448317440
2018-02-28,1407.136,1421.716,1429.779,1407.074,536675776
2018-03-01,1387.884,1407.284,1414.459,1377.236,534914144
2018-03-02,1396.189,1384.873,1398.522,1369.789,471089344
2018-03-05,1410.832,1393.952,1414.258,1386.941,458546880
2018-03-06,1416.372,1410.832,1417.419,1407.37,433173920
2018-03-07,1418.524,1409.991,1420.35,1404.521,452595584
2018-03-08,1425.822,1419.626,1426.667,1417.79,402075200
2018-03-09,1450.569,1428.451,1450.58,1428.451,421902464
2018-03-12,1450.634,1452.073,1456.305,1448.461,426210848
2018-03-13,1440.511,1455.06,1460.65,1437.315,453780736
2018-03-14,1434.957,1442.73,1446.503,1431.38,424955296
2018-03-15,1434.084,1435.015,1442.415,1430.576,375916000
2018-03-16,1434.878,1435.651,1439.771,1433.822,1089969920
2018-03-19,1412.325,1428.074,1428.074,1402.02,476159936
2018-03-20,1417.766,1411.907,1420.944,1411.907,438059776
2018-03-21,1411.996,1417.777,1426.3,1409.601,399120032
2018-03-22,1374.997,1408.171,1408.171,1374.616,479820992
2018-03-23,1346.199,1374.699,1381.913,1345.618,504751520
2018-03-26,1386.012,1346.199,1387.354,1346.199,488261152
2018-03-27,1353.643,1388.2,1392.736,1345.007,504207296
2018-03-28,1346.497,1350.979,1362.12,1339.126,512876672
2018-03-29,1367.046,1350.22,1378.75,1346.884,536878272
2018-03-30,1367.046,1350.22,1378.75,1346.884,536878272
2018-04-02,1335.421,1362.379,1365.418,1322.489,505109056
2018-04-03,1350.479,1336.924,1353.672,1331.065,478687840
2018-04-04,1368.402,1344.991,1371.181,1330.452,486354592
2018-04-05,1377.467,1372.417,1383.468,1369.634,409346464
2018-04-06,1345.871,1371.73,1374.614,1337.858,464977120
2018-04-09,1349.698,1350.305,1370.832,1348.551,418285984
2018-04-10,1374.116,1353.026,1378.297,1353.026,440388736
2018-04-11,1366.677,1371.143,1377.595,1365.494,343982496
2018-04-12,1378.303,1369.21,1383.569,1369.21,366404544
2018-04-13,1374.079,1381.756,1386.765,1368.321,343672000
2018-04-16,1385.688,1377.984,1389.943,1377.984,352249952
2018-04-17,1407.759,1389.562,1411.33,1389.562,363105856
2018-04-18,1409.757,1407.666,1413.653,1404.112,349754240
2018-04-19,1398.256,1409.085,1409.085,1392.979,391886848
2018-04-20,1382.766,1398.277,1398.277,1378.331,505407680
2018-04-23,1381.46,1384.828,1391.077,1374.888,379948384
2018-04-24,1354.992,1382.866,1387.282,1345.497,472709792
2018-04-25,1356.398,1354.839,1360.302,1341.984,440501728
2018-04-26,1378.261,1359.67,1383.214,1359.67,469164512
2018-04-27,1379.876,1383.311,1387.735,1372.817,411059392
2018-04-30,1370.886,1380.379,1389.086,1370.886,507444192
2018-05-01,1379.26,1369.682,1379.52,1362.768,405770336
2018-05-02,1372.087,1377.849,1385.546,1370.408,455035488
2018-05-03,1372.549,1370.276,1376.358,1352.509,463565152
2018-05-04,1392.707,1371.333,1396.263,1366.478,397258912
2018-05-07,1400.137,1393.456,1404.56,1393.456,381153728
2018-05-08,1400.272,1399.631,1402.501,1392.204,417511360
2018-05-09,1413.313,1401.687,1414.35,1399.546,402408288
2018-05-10,1425.946,1415.012,1427.744,1415.012,354101056
2018-05-11,1427.843,1426.221,1430.254,1422.168,376571328
2018-05-14,1428.138,1428.602,1435.82,1425.724,382311232
2018-05-15,1416.411,1426.723,1426.723,1411.269,401763840
2018-05-16,1422.561,1416.344,1425.609,1416.344,366097216
2018-05-17,1420.718,1422.064,1427.94,1415.622,343813088
2018-05-18,1420.594,1420.239,1423.979,1417.648,419821376
2018-05-21,1431.008,1421.695,1435.093,1421.695,362989984
2018-05-22,1423.899,1431.147,1436.663,1422.335,387750368
2018-05-23,1432.675,1423.642,1432.726,1416.96,388620832
2018-05-24,1432.748,1432.543,1434.571,1421.297,369003808
2018-05-25,1432.011,1432.687,1436.389,1429.811,337840704
2018-05-28,1432.011,1432.687,1436.389,1429.811,337840704
2018-05-29,1421.221,1430.107,1430.107,1414.635,416205472
2018-05-30,1436.04,1422.916,1438.315,1422.916,396812384
2018-05-31,1428.471,1436.163,1438.198,1426.828,723786240
2018-06-01,1446.359,1431.223,1446.592,1431.223,405201632
2018-06-04,1457.134,1448.768,1457.493,1448.768,386026208
2018-06-05,1461.635,1457.176,1463.109,1455.982,405886208
2018-06-06,1473.654,1463.526,1473.664,1460.068,507176448
2018-06-07,1467.112,1473.935,1475.19,1460.78,415649184
2018-06-08,1472.126,1466.98,1472.657,1461.979,383022624
2018-06-11,1474.199,1472.112,1478.235,1472.112,363533504
2018-06-12,1480.516,1475.31,1481.608,1474.816,392932224
2018-06-13,1475.086,1481.255,1485.505,1474.244,464352224
2018-06-14,1483.244,1477.226,1485.063,1477.226,448614560
2018-06-15,1482.243,1481.389,1483.46,1474.634,1082561536
2018-06-18,1481.389,1478.589,1481.914,1469.826,427371328
2018-06-19,1472.769,1480.105,1480.105,1459.888,482638848
2018-06-20,1478.217,1475.275,1483.049,1475.275,417197568
2018-06-21,1467.732,1479.195,1480.657,1464.853,409427328
2018-06-22,1466.146,1469.972,1471.668,1464.3,981852928
2018-06-25,1439.293,1461.207,1461.207,1428.942,412672000
2018-06-26,1444.552,1441.656,1451.662,1440.613,346494784
2018-06-27,1426.872,1446.97,1456.547,1426.867,350365600
2018-06-28,1438.689,1426.452,1443.299,1423.584,329220544
2018-06-29,1440.835,1438.752,1452.978,1438.752,457253888
2018-07-02,1449.249,1439.958,1449.525,1430.047,307198208
2018-07-03,1437.869,1449.762,1453.457,1437.194,203646336
2018-07-04,1437.869,1449.762,1453.457,1437.194,203646336
2018-07-05,1452.549,1439.853,1453.043,1439.235,346661440
2018-07-06,1468.222,1452.466,1470.342,1452.291,294183840
2018-07-09,1481.965,1470.215,1482.183,1470.215,312343488
2018-07-10,1485.959,1481.965,1487.882,1481.556,291001248
2018-07-11,1478.42,1482.429,1483.622,1476.735,284455456
2018-07-12,1497.04,1482.025,1497.431,1482.025,299585984
2018-07-13,1500.493,1496.981,1501.513,1494.327,260498768
2018-07-16,1495.607,1501.185,1502.154,1493.588,279864000
2018-07-17,1505.243,1492.643,1507.663,1487.143,293955488
2018-07-18,1507.237,1505.581,1508.383,1501.01,297966688
2018-07-19,1501.58,1505.236,1505.827,1499.186,293735200
2018-07-20,1501.365,1501.241,1507.815,1500.547,344357120
2018-07-23,1502.204,1500.334,1502.768,1493.76,275365568
2018-07-24,1506.44,1503.278,1517.803,1500.567,318170592
2018-07-25,1525.641,1506.428,1526.36,1505.721,356804608
2018-07-26,1511.001,1524.828,1524.828,1508.105,414163968
2018-07-27,1493.526,1511.097,1518.476,1486.165,368454496
2018-07-30,1471.995,1493.864,1493.864,1467.574,356137600
2018-07-31,1482.368,1472.351,1488.453,1472.351,413880768
2018-08-01,1487.587,1487.648,1493.372,1481.464,366479264
2018-08-02,1503.424,1487.046,1504.888,1479.492,349270848
2018-08-03,1506.432,1503.427,1506.432,1499.314,297486016
2018-08-06,1514.44,1506.42,1514.581,1504.561,288964992
2018-08-07,1519.792,1515.447,1522.758,1515.447,295565856
2018-08-08,1520.033,1519.789,1522.853,1516.389,262399360
2018-08-09,1520.175,1520.683,1525.526,1519.489,262261888
2018-08-10,1510.335,1517.68,1517.68,1506.291,266854672
2018-08-13,1507.045,1510.828,1519.621,1506.16,273528928
2018-08-14,1517.26,1507.356,1518.893,1507.356,277376288
2018-08-15,1503.652,1514.828,1514.828,1494.014,333508384
2018-08-16,1510.938,1506.662,1518.297,1506.662,286301472
2018-08-17,1513.896,1510.887,1516.373,1502.612,318862944
2018-08-20,1516.671,1515.262,1519.158,1511.733,276796608
2018-08-21,1520.214,1517.556,1526.597,1517.556,291306944
2018-08-22,1523.339,1519.206,1526.055,1517.665,238968592
2018-08-23,1522.968,1523.662,1530.531,1520.596,273220288
2018-08-24,1535.46,1524.401,1535.896,1524.401,276892288
